Order Date,Sales,Profit
17-10-2023,5175.171,919.971
07-11-2021,1822.08,564.84
14-04-2022,5244.84,996.48
06-06-2023,3701.52,1036.08
25-02-2022,1878.72,582.36
10-01-2021,2875.095,511.095
22-08-2023,3200.5962,-77.2038
28-08-2024,2761.2,110.34
01-05-2024,2174.13,500.01
30-05-2022,1526.52,732.72
05-08-2024,4191.507,1164.267
11-03-2024,3063.27,581.91
18-01-2024,5049,656.37
16-05-2024,2863.35,858.9
28-10-2021,2301,91.95
18-09-2022,2487.8088,-269.7912
28-10-2023,3728.43,1192.86
12-12-2023,1581.48,0
26-12-2023,3739.176,747.816
18-04-2023,1601.64,587.19
24-05-2021,3670.8,367.08
31-05-2023,1455.12,116.4
01-10-2023,1943.19,258.93
19-12-2024,1954.17,312.66
07-11-2023,2330.64,1025.46
11-01-2022,3637.602,156.402
14-06-2022,1024.68,-286.92
25-10-2022,1583.7,174.15
11-03-2023,2892.105,160.605
02-10-2023,3000.78,1080.18
14-03-2024,3569.643,674.163
09-07-2024,2910.0816,125.1216
17-03-2024,2645.376,-0.024
02-01-2023,1637.01,-36.39
10-10-2022,2645.376,-0.024
26-12-2022,1788.822,204.282
01-05-2023,1242.585,-140.715
03-12-2024,2673.36,1069.2
25-06-2023,2046.195,591.045
12-07-2024,1722.2832,539.4432
10-06-2024,1433.8395,-84.3705
19-07-2021,2555.64,664.44
31-10-2024,2272.86,977.22
25-07-2023,5211.12,833.76
03-12-2023,1704.996,378.876
21-05-2021,2539.8765,709.9365
28-12-2021,1066.68,394.65
17-04-2024,1275,140.22
07-11-2024,3309.2598,318.8598
25-11-2021,1336.356,44.436
10-08-2022,3038.64,1245.84
04-10-2022,2756.34,413.28
26-03-2024,1421.541,428.121
16-05-2024,1900.584,-348.516
15-06-2021,1296.24,285.12
28-08-2024,1682.91,487.98
11-10-2024,1029.2589,10.8189
12-06-2023,5751.54,2817.99
13-06-2023,1479.3138,-63.6462
22-09-2024,1282.23,12.69
24-06-2024,5486.67,2316.51
09-08-2022,1226.19,612.99
21-02-2023,1809.255,-258.495
07-01-2023,2993.025,726.825
11-02-2024,1027.728,182.688
29-05-2024,1703.025,737.925
16-04-2024,1803.0837,-130.3863
12-07-2024,2190.75,65.7
06-08-2024,2550,280.44
03-11-2024,2664,905.7
15-12-2024,2043.72,756
06-02-2022,819.936,191.316
04-05-2023,1266.36,265.92
13-10-2022,1136.664,-189.456
19-09-2023,2249.16,224.88
08-09-2024,2152.956,198.636
19-09-2024,1586.412,17.532
05-05-2024,1272.72,534.48
20-06-2023,1063.44,361.41
18-06-2023,3712.59,849.87
19-11-2023,1798.6764,86.6364
02-10-2024,2575.92,978.84
09-05-2024,4298.85,300.9
12-02-2024,2074.734,276.534
07-08-2024,2584.008,290.598
09-09-2023,1482.39,68.31
17-02-2024,1046.25,-111.6
24-02-2022,3187.2,541.8
12-12-2022,703.35,260.1
07-11-2024,2841.66,852.48
25-07-2023,1236.33,519.21
11-10-2024,2488.56,348.24
01-05-2024,723.3,122.85
03-08-2022,2619,232.68
20-12-2022,1704.87,-1023.03
20-06-2022,1278,460.08
30-11-2022,2051.1,40.95
27-10-2021,2470.5,518.76
13-12-2024,3242.88,421.56
11-07-2024,796.824,231.264
13-10-2024,1612.845,394.245
16-06-2022,2799.63,391.77
21-07-2024,2063.7684,141.1884
27-10-2021,1693.23,829.5
20-08-2022,5737.5,630.99
24-05-2022,1641.087,473.907
22-09-2021,1917,690.12
17-10-2023,823.5,172.92
05-06-2023,3180.75,1081.35
21-10-2023,910.35,391.35
27-06-2024,1446.6,665.4
12-03-2021,3272.01,1537.83
11-07-2023,2888.76,173.25
27-02-2023,1781.136,-134.064
08-04-2021,1894.536,505.176
19-11-2022,1317.9,0
10-03-2021,1274.16,382.2
25-01-2024,2485.62,795.24
24-12-2021,3271.2,1341.15
22-06-2021,1718.172,610.812
18-12-2022,1274.7,165.66
29-01-2024,1864.215,455.565
13-12-2021,1609.29,241.38
01-12-2022,2673.81,26.73
05-03-2023,2051.013,667.113
23-05-2021,1120.77,55.89
11-12-2022,1302.96,182.4
02-06-2024,1043.9304,-295.5096
25-06-2023,1720.116,382.176
28-11-2024,1832.607,-445.113
28-11-2023,1850.46,259.02
17-05-2024,3094.56,1423.44
29-10-2024,886.1412,106.7412
23-11-2021,473.847,-5.853
17-09-2023,1908.45,534.33
25-04-2022,1760.43,-326.97
23-07-2024,952.29,-53.01
26-06-2024,2747.7,82.26
26-01-2022,1014.72,141.96
07-07-2022,1591.56,79.56
07-12-2022,1053.8676,-152.4924
05-11-2023,1403.082,296.082
05-07-2024,1944.9,291.6
01-05-2023,3040.8,1155.36
25-06-2023,1933.2,-128.88
04-10-2023,2819.52,338.22
19-12-2022,607.32,115.32
09-10-2024,2906.4,1220.52
24-03-2024,2572.74,1080.54
09-04-2024,1656.72,-110.52
04-10-2024,2015.496,850.836
25-10-2022,1773.72,44.22
07-05-2022,972.567,194.427
14-10-2023,1313.712,102.072
15-11-2021,2398.374,-1479.126
24-05-2023,2761.2,110.34
12-08-2023,3180.3,381.6
06-02-2022,1236.33,519.21
28-08-2024,759.66,311.46
22-05-2023,1581.03,790.47
01-10-2022,3547.44,780.24
25-06-2023,724.8,333.36
18-06-2022,689.094,-53.886
26-03-2024,3216.24,96.39
01-04-2024,2614.689,-821.961
17-10-2023,636.78,286.5
16-10-2024,1241.001,124.011
22-01-2023,1838.52,349.2
03-08-2021,2605.392,-553.878
25-10-2023,1679.616,-149.364
28-05-2023,1764.165,127.335
24-10-2024,3720,632.4
05-11-2024,723.66,101.22
05-10-2022,883.95,234.27
18-11-2021,470.112,39.552
29-01-2024,1028.16,274.08
19-05-2021,935.172,20.622
25-06-2021,2266.1475,-0.0525
01-11-2022,3606.336,1202.016
10-07-2023,2367.36,604.86
20-11-2024,1113.264,-705.096
25-12-2022,2182.68,174.6
01-09-2021,1429.05,371.49
27-12-2022,1431.3375,171.6975
03-12-2024,1559.16,405.36
20-11-2024,771.228,-321.372
02-04-2022,528.93,188.01
15-12-2022,1987.32,298.08
10-06-2022,2266.1475,-0.0525
26-03-2024,1444.548,103.068
01-05-2024,512.568,193.608
17-01-2022,2605.92,364.8
06-09-2022,1111.725,135.855
03-06-2024,1754.298,214.368
02-08-2022,5759.964,-0.336
24-08-2023,868.95,43.35
17-10-2024,3048.15,1463.07
23-05-2024,1781.19,35.37
27-03-2024,2289.75,68.55
11-11-2021,780.6912,181.6512
01-08-2021,1157.58,254.52
12-09-2023,911.574,101.214
15-03-2024,1058.022,340.872
16-06-2024,3139.128,941.688
30-09-2023,538.488,-0.072
28-03-2022,1859.13,-26.67
19-12-2022,2973.06,445.86
24-10-2024,646.4988,-13.9812
15-02-2021,1743.96,645.24
11-07-2024,890.4285,114.7785
30-06-2022,1229.904,286.974
07-11-2021,1274.88,216.72
29-10-2024,528.009,-72.441
04-08-2021,1455.12,116.4
24-06-2021,1591.11,364.23
13-11-2024,1458.96,495.84
20-11-2022,641.97,38.43
10-11-2022,2300.076,408.876
22-11-2023,757.08,302.73
14-05-2021,1836,238.68
06-03-2023,1976.562,592.812
07-08-2023,1954.44,-286.68
25-11-2024,1411.02,580.02
06-05-2024,1266.96,139.32
25-02-2021,1527.12,656.64
23-12-2023,563.904,-263.196
22-04-2024,858.06,248.64
22-07-2024,2039.0715,109.6215
03-03-2024,900.72,45
03-05-2023,1324.35,609.12
22-04-2024,454.95,190.95
23-08-2024,616.44,265.02
17-08-2022,1333.44,146.64
12-03-2023,788.22,102.42
23-03-2023,2217.78,775.98
21-11-2024,1241.28,434.4
21-06-2023,1524.2058,-575.3142
02-04-2024,766.5246,288.4446
24-11-2022,1836.03,752.64
10-07-2023,2544.24,305.28
24-06-2023,2068.335,206.685
10-01-2023,730.32,175.2
25-09-2021,2885.085,-224.595
30-09-2023,1289.5659,263.2959
26-06-2022,1587.0015,-76.5585
15-12-2024,2534.0175,136.2375
04-11-2021,1046.25,-976.5
12-01-2022,1962,392.4
26-12-2023,3547.44,88.44
22-12-2021,3024.189,86.319
24-12-2024,2386.125,381.675
04-07-2024,501.9,215.7
01-04-2023,2672.517,676.167
23-10-2023,1961.82,420.3
24-11-2024,783.99,337.14
01-11-2021,743.13,230.31
14-02-2023,776.412,301.812
15-11-2023,1462.14,321.66
31-05-2022,2131.245,473.595
20-07-2021,1535.814,-409.626
18-12-2022,452.088,-25.152
01-01-2023,1358.28,203.7
18-11-2024,2129.4954,938.7954
31-05-2022,951.6,66.3
20-07-2022,696.75,132.3
26-09-2024,1315.68,328.8
10-01-2023,1501.2,89.91
08-08-2022,954.36,343.53
17-11-2024,482.76,183.33
11-07-2022,504,246.96
25-06-2023,566.2308,-363.2892
20-11-2022,513.72,215.76
08-09-2021,1111.725,135.855
28-10-2023,1308.48,536.46
25-11-2024,1409.04,436.77
11-11-2021,893.8104,129.1704
13-10-2024,542.484,126.564
22-05-2023,697.86,209.34
21-08-2023,837.2376,211.7376
17-05-2024,2153.16,861.24
11-11-2021,393.2388,-341.3412
07-09-2021,524.28,146.76
13-09-2023,1210.626,376.596
16-04-2022,1093.4112,-20.6688
29-07-2023,504.36,201.72
16-01-2023,404.676,-31.524
03-12-2023,500.202,83.322
10-09-2022,2050.488,-512.712
05-06-2022,1487.628,655.728
27-11-2022,1792.98,394.38
01-11-2022,565.515,-237.555
09-05-2023,429.48,-257.76
07-08-2023,1000.9125,26.6625
14-11-2024,2194.92,1031.52
22-12-2024,532.5,207.66
13-10-2024,645.138,157.698
08-03-2021,860.895,143.325
01-10-2024,1971.3456,-813.6144
13-11-2022,1995.3,638.46
10-08-2022,1685.16,706.56
09-12-2021,1773.9,124.02
08-01-2024,698.8995,-32.2605
27-09-2023,565.02,129.9
14-02-2024,678.771,-320.229
06-06-2021,1717.335,725.085
12-06-2023,969.0228,302.0628
09-10-2023,1649.214,36.624
31-12-2022,625.644,-34.836
03-04-2024,527.868,73.788
04-03-2023,1179.2625,-471.7875
06-09-2023,659.178,-0.162
18-11-2021,827.9733,-56.7567
17-05-2023,539.775,-302.355
27-03-2024,2722.86,408.24
25-06-2022,1035.84,455.76
06-02-2022,2737.98,301.14
12-08-2023,1075.23,344.07
06-06-2021,938.145,-0.195
18-09-2024,2086.98,145.95
07-11-2023,900.072,9.972
11-11-2021,1383.12,331.92
20-06-2022,448.02,8.91
16-11-2023,911.04,282.42
13-09-2023,969.084,-75.546
01-08-2021,516.96,165.42
26-04-2023,1026.24,174.36
16-01-2024,1377,179.01
29-12-2021,578.502,-38.568
03-06-2023,785.79,369.27
20-10-2024,1759.5135,624.3135
08-02-2023,1226.3445,118.5945
21-11-2024,990.12,356.4
25-07-2021,1431.54,413.49
31-01-2021,2571.12,102.84
27-06-2023,1573.92,786.96
22-10-2021,1249.857,444.297
09-10-2023,1711.125,-190.125
21-12-2021,878.223,-127.077
15-02-2021,921.375,-172.125
26-12-2023,1006.0641,-165.4659
21-07-2024,1187.64,213.66
05-09-2024,949.104,-105.456
15-12-2022,1469.25,616.95
23-01-2022,2636.85,580.05
23-12-2023,990.9516,-878.7684
26-11-2023,892.44,44.46
05-10-2021,850.95,93.6
25-06-2023,1630.8,652.2
02-09-2024,1285.56,51.42
11-11-2023,961.8,163.38
10-11-2021,490.5,156.96
15-05-2022,2438.667,867.027
26-09-2023,1636.956,472.836
17-09-2023,1751.625,38.925
17-05-2022,565.11,-31.44
17-07-2024,1049.616,-314.904
18-10-2022,760.38,144.42
21-01-2024,867.96,86.76
14-11-2024,2068.335,206.685
30-12-2024,433.98,-166.47
18-03-2024,1487.724,-488.916
27-06-2022,1272.48,534.42
01-10-2022,972.567,194.427
29-10-2023,660.312,242.112
02-08-2022,1140.3,433.26
26-11-2024,1839.18,238.98
20-03-2024,1272.48,458.04
02-10-2023,412.8,132.06
14-11-2024,689.136,-226.464
19-10-2021,380.0736,-77.8464
04-05-2023,642,179.7
25-02-2022,700.65,15.57
18-04-2024,716.1,343.65
26-10-2021,862.0878,114.2478
01-05-2023,1236.96,24.72
11-11-2024,550.128,143.088
22-06-2023,789.93,229.05
25-11-2021,743.7,37.05
10-08-2022,558.9552,-94.3248
21-11-2024,1837.56,-114.99
15-02-2021,1235.286,-456.174
12-07-2021,1057.8,338.46
18-06-2024,587.16,146.76
08-04-2021,1666.656,18.396
24-11-2022,645.138,157.698
20-12-2023,1027.2,287.52
13-02-2022,612.684,-296.136
15-02-2022,546,60
30-09-2024,720.42,201.66
27-12-2023,700.68,350.28
20-06-2022,762.93,167.79
22-08-2023,1428.3,314.19
07-01-2023,1603.314,142.344
10-11-2024,2408.0925,339.8925
11-09-2024,930,158.1
28-11-2023,3232.845,-277.155
23-03-2022,724.536,-471.024
20-05-2023,621.45,192.6
08-06-2022,743.265,-520.335
17-05-2022,1162.485,284.085
13-08-2024,1218.45,268.05
16-04-2024,1393.875,572.925
23-05-2021,767.952,-358.488
24-06-2023,770.85,-447.15
26-12-2023,770.3064,9.2664
20-06-2024,1094.22,328.23
03-10-2023,1287.432,-536.448
12-08-2023,1091.34,87.3
08-02-2023,629.424,223.344
25-10-2022,1431.135,-127.215
21-11-2022,724.248,72.408
25-05-2023,440.37,166.17
13-10-2021,1139.16,284.76
17-10-2022,2052.54,638.46
13-07-2023,612.9,177.6
16-04-2024,1431.4725,-343.5975
03-09-2024,476.28,204.66
15-07-2024,2525.184,-294.816
04-03-2023,1845.72,535.2
17-05-2023,1208.25,-80.55
24-11-2022,1455.12,116.4
19-09-2023,781.47,281.25
23-12-2023,1232.1,431.1
11-05-2022,900.9,63
03-01-2021,912.456,-319.464
06-10-2021,965.58,376.53
09-10-2024,535.68,246.36
01-12-2024,1414.53,-106.47
13-11-2022,951.72,-495
28-02-2024,545.4,60.6
26-11-2022,955.17,429.75
08-12-2024,676.8,162.24
12-09-2022,332.43,33.18
03-06-2024,714.42,277.74
07-10-2023,967.032,-435.168
03-10-2022,1220.31,512.4
24-10-2022,1417.3578,-290.3022
11-09-2023,664.2,26.4
23-05-2021,918,119.34
16-12-2023,1057.14,0
17-09-2023,586.944,168.744
03-05-2023,925.92,101.79
06-12-2021,1048.56,262.08
08-06-2023,1180.095,151.695
31-01-2021,1917.24,517.56
26-03-2024,569.07,187.74
13-03-2024,969.36,348.81
29-05-2023,1697.25,-232.5
14-02-2024,1051.7175,308.4975
24-04-2024,1337.634,311.994
25-11-2024,1130.76,414.6
26-12-2023,252.558,2.718
24-07-2022,1034.8938,-62.3862
09-08-2024,964.17,-887.04
01-09-2021,767.52,45.9
17-04-2023,881.685,164.565
29-09-2024,1242.36,285.72
01-01-2023,2189.52,372.06
19-08-2024,487.38,107.22
30-12-2024,457.164,65.934
03-10-2021,780.165,320.715
11-06-2022,1419.6636,625.8636
04-09-2024,613.89,153.45
23-05-2024,1286.67,-2380.35
05-10-2022,1825.6182,593.7582
02-11-2023,661.905,8.685
02-06-2024,815.6286,43.8486
03-03-2021,1095.66,65.7
08-08-2022,1285.05,552.24
31-08-2022,639.84,-25.68
27-08-2022,861.9,405
23-11-2022,770.3811,232.0011
25-08-2024,457.7616,-82.8384
12-05-2022,410.184,150.264
12-12-2022,169.1208,-26.7192
18-12-2024,459.63,87.3
15-11-2022,586.764,45.504
05-06-2024,1320,488.4
03-12-2022,259.524,8.604
02-08-2024,242.856,-137.664
25-09-2023,741.96,7.38
08-11-2022,1571.724,87.264
07-01-2024,3810.996,-42.504
07-01-2022,1402.29,0
03-06-2021,972.648,-75.672
09-01-2023,727.056,-387.864
25-09-2023,1302.78,208.44
17-04-2023,723.3,332.7
16-11-2024,2503.872,834.552
14-11-2022,481.14,-77.04
19-07-2021,980.91,215.73
08-05-2024,374.85,123.69
17-07-2023,1252.584,-41.796
25-11-2023,682.95,116.1
04-10-2023,572.454,-362.556
26-04-2023,697.32,292.8
13-11-2024,633.48,69.66
01-11-2023,887.976,246.456
24-05-2021,1444.128,330.048
23-10-2022,463.176,-216.384
26-08-2024,607.14,36.36
11-10-2023,401.976,-140.724
01-11-2022,914.28,91.38
26-01-2022,527.0085,171.4185
05-08-2024,528.444,88.044
08-10-2024,1695.87,-37.83
01-07-2024,627.9,31.35
20-10-2024,1158.408,435.888
23-08-2022,664.35,26.55
24-06-2024,1236.465,-96.255
29-12-2021,353.16,39.24
26-11-2024,1157.22,300.78
01-09-2021,1100.16,175.86
25-12-2023,1255.5,97.65
14-11-2024,1174.56,187.92
04-06-2023,885.87,159.39
29-01-2024,853.344,-42.696
07-10-2021,578.61,150.39
01-01-2023,1362.06,340.41
26-04-2023,709.3125,-185.5575
02-02-2022,1109.16,498.96
29-03-2023,685.8,157.65
28-10-2024,972.864,32.424
23-06-2024,822.852,-411.498
13-10-2024,1291.65,413.25
18-09-2024,389.655,-83.145
03-10-2021,1567.62,661.86
30-05-2021,956.13,162.54
29-05-2024,429.48,85.86
18-07-2023,566.4,135.84
11-09-2024,397.44,15.84
22-09-2021,687.48,254.28
07-01-2024,1788.588,99.348
10-06-2021,672,329.28
06-09-2022,2447.55,228.3
06-10-2021,667.92,153.6
07-01-2023,1156.896,-38.664
22-11-2021,332.28,149.52
21-06-2022,1609.29,241.38
08-01-2024,769.86,59.22
11-09-2024,1094.22,328.23
18-06-2024,458.4,73.32
04-08-2021,963.36,154.08
21-03-2021,780.84,54.54
06-12-2021,639.45,19.05
25-05-2023,1107.9369,47.6469
25-06-2021,1044.2166,-650.2734
05-08-2024,781.224,-599.616
04-11-2023,341.9766,135.9666
24-06-2021,728.595,234.645
18-06-2024,835.056,-27.864
28-11-2023,488.16,136.68
27-04-2022,467.43,219.69
04-11-2023,828.8811,-53.4789
04-09-2024,1378.56,441.12
26-04-2023,1314.45,39.42
29-05-2024,1893.888,-221.112
08-05-2023,779.58,202.68
26-09-2021,437.7171,26.3571
27-07-2021,823.8591,97.3791
14-08-2023,365.283,-61.677
12-02-2024,655.452,240.252
25-09-2022,477.6,62.04
22-11-2024,1162.89,81.36
05-05-2024,853.65,221.85
11-12-2023,850.95,93.6
18-10-2024,1123.1703,-196.3197
04-09-2022,888.4755,296.1255
28-10-2021,434.4,65.16
10-04-2022,950.4,171
04-11-2024,891.99,445.83
01-11-2021,283.26,-181.38
11-04-2021,492.1236,-41.7564
22-01-2023,568.32,45.36
15-01-2023,496.53,152.25
22-12-2024,261.48,107.16
23-05-2024,269.865,77.955
12-09-2024,1079.784,275.904
25-10-2022,305.1,79.11
25-09-2021,1017.522,-22.698
22-11-2021,218.25,19.5
29-08-2024,986.37,108.36
18-08-2021,498.744,-232.776
26-05-2024,341.55,30.6
17-02-2024,344.5425,-45.9675
02-02-2023,397.8,55.68
28-07-2023,589.815,-259.605
20-11-2024,351.339,114.279
18-06-2023,1078.0455,-103.9545
13-07-2023,457.95,13.71
07-07-2024,1164.375,-201.825
23-03-2023,247.455,30.375
11-11-2024,664.767,162.477
13-06-2024,514.2348,192.0348
05-09-2021,555.516,59.796
16-09-2023,661.851,183.771
30-11-2021,286.8,137.52
25-05-2022,471.96,167.76
18-06-2024,607.824,60.744
26-11-2023,594.54,-59.58
18-03-2021,543.456,70.146
07-06-2022,730.6173,102.0573
23-01-2022,683.88,0
31-05-2024,1171.53,195.18
03-12-2024,651.96,110.7
12-03-2022,1725.462,747.612
15-05-2023,924.966,61.656
24-05-2024,292.7592,68.1192
26-04-2024,449.9145,49.8645
16-03-2022,474.8301,20.4201
31-03-2024,743.25,133.65
06-06-2022,403.83,185.64
12-09-2022,249.84,114.84
31-05-2022,1189.728,-106.002
04-09-2024,564.36,242.64
21-02-2021,803.25,224.85
06-08-2023,2120.79,169.47
12-02-2023,1091.25,196.38
15-02-2022,248.28,86.88
28-11-2023,1818.84,654.72
06-04-2023,657.396,-29.244
21-08-2023,1373.52,54.72
11-07-2021,455.1876,-151.7724
13-12-2024,1002.72,451.2
12-02-2024,1186.65,-39.6
02-02-2022,1184.94,130.32
10-08-2022,467.1576,-10.0824
06-10-2021,415.44,170.28
18-06-2022,370.35,151.83
18-10-2023,1912.32,-204
25-10-2022,353.85,123.69
26-11-2024,304.71,2.94
10-10-2024,593.568,-875.592
13-11-2022,763.917,-416.703
18-06-2022,445.554,128.694
11-06-2023,956.124,191.214
27-08-2024,255.42,119.88
11-10-2024,737.64,125.28
09-09-2023,696.762,247.722
02-05-2021,520.56,36.36
25-12-2024,772.605,-51.645
09-06-2024,327.312,5.352
25-11-2024,890.73,79.08
06-08-2023,651.348,-50.712
02-01-2022,413.37,115.74
17-01-2024,1008.063,28.773
13-08-2021,769.14,-20.7
31-01-2023,677.8776,-24.6024
26-06-2023,753.72,60.24
12-11-2024,621,99.36
12-09-2022,249.99,104.91
29-05-2024,838.62,176.04
20-12-2023,988.632,395.352
10-05-2023,457.92,0
05-11-2023,459.513,5.103
30-12-2023,1635.255,-127.245
15-11-2023,370.26,55.44
06-06-2022,293.112,-9.828
08-12-2021,769.662,170.982
24-07-2023,897.372,-205.188
15-03-2021,379.89,52.92
16-11-2021,337.68,64.14
05-09-2024,793.206,8.766
05-11-2022,343.83,89.43
22-08-2024,553.92,199.32
11-10-2022,657.84,164.4
10-07-2024,669.12,280.8
05-09-2023,1078.08,366.54
10-06-2024,1215.36,413.04
05-11-2023,741.852,271.992
04-09-2024,444.42,153.06
09-10-2024,1144.5,263.13
17-12-2023,1005.156,83.736
04-06-2022,826.56,41.28
12-12-2022,1175.58,117.54
19-04-2021,880.146,68.256
26-10-2022,1140.48,-418.32
27-10-2021,1285.47,565.38
22-06-2022,622.14,87.06
20-12-2023,751.2579,144.7479
11-12-2024,195.39,46.89
07-12-2022,457.14,45.69
05-11-2022,267.36,117.6
17-10-2023,333.153,88.803
02-07-2023,373.59,18.63
24-12-2022,911.52,309.78
11-11-2024,717.633,-79.737
30-08-2023,947.916,200.076
19-06-2024,274.407,-94.143
12-12-2023,385.11,38.43
27-11-2023,634.392,77.472
14-10-2024,818.25,376.35
14-01-2022,693.84,194.16
10-09-2022,677.6352,211.2552
08-12-2024,521.82,15.48
27-03-2022,381.375,-4.275
06-10-2024,793.476,343.836
23-03-2022,596.052,-218.568
19-04-2022,859.3065,-317.3535
16-01-2022,728.64,225.84
13-09-2023,379.809,113.859
11-03-2023,870.588,367.488
07-08-2024,342.072,-57.048
22-08-2023,989.7,178.05
30-11-2022,540.36,16.2
30-12-2024,387.261,-123.039
26-08-2024,591.3,218.7
27-08-2022,786.618,227.178
08-03-2022,631.512,-63.168
08-04-2023,545.37,-298.41
13-11-2024,712.3428,91.8228
16-08-2022,231.36,64.68
03-07-2024,252.84,68.25
07-02-2022,1285.44,89.88
25-06-2024,368.5302,-55.7298
30-12-2024,271.7631,-69.0669
25-02-2023,834.75,208.65
04-03-2023,646.5375,-17.2725
08-05-2023,785.79,369.27
16-11-2022,914.28,91.38
07-06-2023,426.6,34.05
20-10-2024,884.448,308.928
05-12-2021,809.7,372.3
05-03-2022,409.239,118.209
05-09-2023,575.694,57.534
25-03-2023,672.72,235.44
25-03-2023,798.75,311.49
11-07-2022,342.54,92.46
21-09-2023,934.86,439.38
22-09-2022,753.72,60.24
30-11-2022,280.26,128.88
26-08-2024,346.113,49.923
15-11-2023,666.72,73.32
24-11-2021,863.4951,-224.8749
12-06-2023,481.68,77.04
24-04-2022,558.6315,80.7315
06-06-2023,254.16,40.65
22-08-2023,399.5775,31.8675
16-04-2024,750.6,-33.45
22-11-2024,1892.25,927.15
10-10-2022,235.3086,-12.6714
16-08-2023,921.978,216.918
22-07-2023,502.0836,-48.4164
14-12-2021,674.6904,219.4104
04-02-2021,440.88,39.6
24-09-2022,947.7,28.35
27-06-2023,930,158.1
24-05-2021,955.17,429.75
04-11-2024,443.475,-381.465
26-03-2024,352.6587,4.1787
12-06-2023,590.22,295.11
08-06-2022,426.36,122.43
10-07-2023,473.472,120.972
09-06-2024,445.95,80.19
28-04-2024,553.635,-18.465
14-11-2022,729.48,218.82
21-11-2022,424.944,-84.996
31-05-2021,382.56,68.64
13-06-2024,684.606,-63.234
30-09-2024,476.49,47.46
17-09-2023,364.59,153.09
12-11-2024,697.2,132.45
10-08-2022,1001.1366,-233.2134
25-08-2021,646.3044,77.8644
19-09-2021,1968.03,262.38
27-11-2022,760.38,144.42
16-02-2023,827.55,397.2
20-10-2024,640.656,234.876
22-03-2021,273.18,46.44
09-01-2023,312.576,-210.384
09-06-2022,269.22,78.06
06-09-2023,507.924,186.204
11-07-2021,600.84,-152.28
30-08-2021,728.64,225.84
11-11-2024,551.286,24.426
07-05-2022,225.72,22.47
24-12-2023,669.78,214.32
06-12-2022,364.92,62.01
20-03-2023,489.0858,164.8458
18-02-2024,495.18,79.2
27-09-2021,1100.52,473.22
22-11-2022,613.71,211.26
13-11-2024,632.07,101.07
31-08-2021,483.552,-152.448
18-06-2022,334.8,78
14-11-2024,840.15,100.8
30-11-2023,504.9,237.24
23-07-2024,195.12,46.8
02-06-2021,413.3943,182.1843
09-12-2022,1140.3,-638.58
20-01-2022,656.532,145.872
03-12-2022,1409.04,436.77
22-11-2022,891.405,158.355
13-03-2024,1582.95,332.4
26-04-2023,395.88,71.22
21-04-2022,228.15,86.67
16-03-2023,218.52,30.51
08-09-2022,1317.3264,297.4464
11-07-2021,589.815,23.535
13-10-2024,339.795,-0.045
11-12-2024,217.35,108.63
29-12-2021,685.248,123.768
30-08-2021,383.76,22.95
05-11-2022,339.15,-305.55
16-08-2024,719.4825,-143.9175
28-10-2024,1038.339,149.769
10-02-2024,602.3808,114.7008
06-02-2023,998.1,419.13
26-11-2024,527.16,0
28-09-2022,427.41,4.23
16-12-2021,362.88,166.74
25-08-2024,982.125,87.255
10-03-2024,1230.66,24.57
31-10-2024,676.9728,120.5328
18-06-2024,963.36,154.08
31-05-2022,346.74,-20.82
13-11-2022,492.273,154.053
29-06-2022,529.0005,76.4505
18-11-2024,654.24,268.23
18-06-2022,328.644,51.084
27-09-2021,1022.04,40.86
27-05-2023,1094.5449,270.6849
10-07-2024,363.8466,-89.7534
03-12-2024,464.778,98.118
14-09-2022,515.52,108.24
12-03-2024,735.84,201.6
30-09-2023,553.0896,249.7296
19-02-2024,341.9982,80.8182
17-05-2022,365.958,48.708
22-09-2024,512.91,0
25-06-2023,477.576,169.776
02-08-2022,331.452,88.182
29-10-2023,469.2156,67.8156
30-06-2024,385.02,126.99
03-05-2023,1154.9616,417.4416
11-01-2022,1039.32,301.32
04-01-2022,142.9758,48.2058
05-09-2022,313.9641,86.9841
10-10-2024,538.38,-506.25
27-06-2023,551.76,215.16
06-12-2024,1654.668,165.348
13-02-2022,593.892,-39.708
10-02-2021,304.71,2.94
28-11-2021,871.182,-387.258
29-10-2023,367.902,151.182
06-01-2024,511.68,30.6
28-05-2022,990.432,-173.358
18-04-2024,1451.511,-256.149
07-10-2021,740.46,21.12
30-09-2023,183.789,55.089
12-06-2023,243.747,-6.693
03-12-2023,540.432,108.072
30-11-2023,220.5144,39.7944
21-10-2023,975.186,119.166
23-12-2023,498.96,74.79
15-11-2022,229.5216,3.6216
08-05-2022,1145.28,228.96
28-08-2023,666.225,-80.025
27-11-2023,417.42,45.9
28-11-2024,372.168,16.488
15-12-2021,391.545,-274.095
13-02-2024,681.1506,21.8106
07-10-2024,457.812,121.932
14-08-2022,427.68,37.98
28-12-2021,195.72,74.28
14-12-2021,679.884,-384.966
08-11-2023,894.42,62.55
06-06-2023,361.557,28.077
04-11-2024,356.616,-124.824
29-12-2022,891.108,257.388
01-02-2021,285.78,71.4
13-06-2022,379.7388,-36.1812
15-10-2024,874.68,192.42
19-08-2023,512.19,133.11
11-08-2024,254.16,40.65
17-12-2023,1102.86,55.14
13-08-2024,448.74,44.82
21-11-2024,594.72,291.36
21-10-2021,737.019,261.819
12-08-2024,397.143,70.533
18-08-2021,605.25,266.25
12-05-2022,298.62,36.48
10-03-2021,1097.28,252.24
04-10-2022,695.28,201.6
16-01-2024,778.1499,149.9499
01-08-2023,898.59,89.67
16-05-2024,201.96,71.76
05-11-2022,343.83,89.43
29-10-2023,408.3,16.2
01-03-2021,214.758,7.158
25-09-2021,1071.441,71.421
08-08-2024,287.94,0
14-11-2021,533.2527,206.3727
10-09-2022,787.92,338.76
15-12-2024,481.815,176.565
22-06-2021,462.672,25.632
20-01-2022,900.234,260.034
02-10-2023,169.092,-81.768
30-12-2024,484.029,29.709
03-10-2022,532.56,85.2
25-04-2023,429.48,85.86
05-03-2023,198.045,-15.435
21-11-2024,517.08,149.94
17-11-2024,415.44,66.24
07-01-2023,698.058,147.348
21-02-2021,805.707,-62.853
07-12-2022,464.04,83.52
24-07-2023,528.57,-176.19
07-11-2024,394.6455,-4.3245
22-10-2024,583.872,-21.948
01-11-2021,196.8,-66.96
10-07-2023,568.863,37.863
26-09-2024,531.48,21.24
24-10-2022,385.29,161.82
31-08-2022,567.6204,-116.2596
24-05-2023,741.006,-333.564
02-09-2021,561.495,-316.605
27-07-2021,340.443,113.463
20-12-2023,674.4,316.92
15-05-2022,559.926,24.846
03-12-2022,680.76,74.88
22-08-2023,363.447,76.707
23-06-2024,372.9132,101.8332
27-02-2024,385.398,68.508
20-05-2024,840.6,319.35
07-12-2022,464.94,18.48
07-10-2024,256.719,46.269
29-04-2023,304.776,43.956
24-08-2023,1058.25,-76.53
01-05-2022,1349.325,389.775
22-06-2021,507.6,203.04
15-10-2021,637.35,-471.69
24-07-2023,485.55,218.4
13-09-2023,466.128,176.088
05-06-2022,138.39,34.44
18-09-2023,497.76,94.56
20-09-2023,2057.13,-0.12
16-09-2021,255.744,-5.736
13-02-2024,722.4714,68.7114
07-11-2023,307.4625,12.2625
05-09-2023,447.876,129.336
03-06-2021,2544.96,1068.84
23-05-2024,260.82,-8.73
21-11-2022,453.6,-143.64
27-10-2021,911.52,309.78
15-07-2021,151.1976,-33.2424
19-06-2024,341.9982,80.8182
03-08-2022,325.269,100.989
27-12-2023,976.56,97.44
18-11-2021,264.8268,105.3468
21-08-2023,1431.81,509.01
28-12-2022,378.39,151.35
30-11-2021,149.58,55.08
14-11-2024,274.9545,-0.0255
01-06-2023,793.206,8.766
21-11-2023,636.36,267.24
06-11-2024,369.117,110.607
05-04-2022,669.06,289.86
28-01-2021,531.522,47.202
21-06-2021,589.68,200.34
14-06-2022,141.825,-71.025
13-09-2023,1283.52,205.17
07-10-2023,366.84,21.96
17-10-2024,648.9,136.26
11-04-2024,533.1588,-301.8012
30-10-2024,654.102,-50.898
22-03-2022,642.72,44.94
30-03-2021,695.88,-167.04
03-10-2024,705.72,91.68
21-05-2024,538.44,156.12
21-02-2023,626.184,257.424
16-04-2024,1687.392,674.772
16-11-2021,195.264,19.524
30-08-2023,845.856,18.756
30-01-2023,479.115,148.995
03-12-2023,256.284,96.804
13-08-2022,342.3,51.24
16-06-2024,526.62,-221.22
03-12-2022,575.6634,-149.9166
13-07-2023,156.249,15.579
11-06-2022,463.32,-121.23
31-12-2023,671.9265,177.9765
11-04-2024,412.8,132.06
22-01-2024,1428.3,-57.18
07-06-2022,438.84,65.79
11-11-2023,364.32,112.92
14-05-2023,828.306,331.236
11-05-2022,401.04,176.4
02-09-2021,249.84,69.84
19-10-2022,740.178,41.118
09-11-2022,432.9612,140.6412
02-09-2021,189.96,0
28-02-2024,486.09,106.92
12-11-2024,628.2,270.12
02-01-2022,916.11,36.63
20-08-2024,340.08,33.96
26-06-2022,273.321,-149.559
09-01-2024,294.3,135.36
07-11-2023,235.71,-2.79
12-12-2024,244.5,36.6
02-01-2023,369.45,84.96
03-01-2024,523.98,125.73
29-12-2024,1612.872,-143.568
22-01-2024,184.758,62.238
21-11-2024,333.96,76.8
09-10-2023,675.8775,-43.6725
25-07-2022,336,23.52
25-11-2021,546.975,100.875
08-02-2023,340.86,122.7
25-06-2022,743.04,181.56
26-06-2023,856.8,291.24
29-05-2024,500.4,140.1
01-11-2021,121.575,-92.475
14-11-2024,207.036,-16.104
22-01-2024,451.1295,-150.4305
22-01-2024,467.43,219.69
27-06-2024,267.84,109.8
25-06-2023,448.578,174.438
05-02-2023,877.905,87.675
08-04-2021,341.82,125.22
05-05-2023,528.93,188.01
10-06-2023,335.1465,10.2465
24-03-2024,433.62,28.71
24-12-2022,556.704,-306.216
19-11-2023,344.8152,99.6552
17-04-2024,567.6,113.52
05-05-2024,533.88,-74.79
15-05-2023,430.575,-172.275
10-09-2021,249.18,59.76
22-08-2023,561.4125,-193.9875
05-12-2024,498.42,224.28
02-12-2024,226.257,-47.043
09-11-2023,356.238,-31.722
27-10-2024,568.215,-79.605
05-10-2024,526.635,81.885
10-02-2024,1128.384,62.664
02-05-2021,236.1765,85.2765
06-10-2024,803.04,345.12
28-03-2023,761.4,327.24
22-01-2023,424.35,25.38
17-09-2023,136.35,-5.55
12-09-2023,457.812,121.932
25-10-2022,762.48,121.95
18-01-2023,448.578,174.438
12-12-2022,346.761,123.291
31-10-2022,747.36,265.68
11-03-2022,381.84,80.16
17-12-2023,626.175,-16.725
29-01-2023,504.09,60.48
31-12-2023,706.158,156.918
26-08-2024,296.64,-59.4
17-11-2024,490.4802,153.6102
07-01-2021,445.41,-136.71
12-08-2023,408.78,192.06
17-10-2022,492.399,131.229
01-10-2024,375.9,7.35
18-05-2023,345.096,4.266
18-11-2021,1119.195,255.795
01-11-2021,519.525,-394.875
15-03-2023,1587.12,666.48
21-08-2024,736.29,8.04
02-04-2022,607.824,60.744
11-01-2022,688.32,-436.08
22-04-2024,154.26,60.12
12-08-2024,569.97,-159.66
03-12-2022,589.1364,25.3164
27-09-2022,375.6069,71.9469
16-05-2021,409.26,102.3
04-11-2024,245.22,31.86
06-10-2021,330.84,102.42
29-05-2024,581.55,122.1
17-05-2022,206.28,13.74
22-05-2022,613.224,-40.896
01-04-2024,519.48,93.48
31-03-2024,382.14,145.2
09-09-2024,230.5098,9.8898
09-05-2022,837.63,376.92
07-12-2021,595.92,71.4
29-08-2022,634.95,279.36
15-03-2021,340.86,122.7
03-05-2023,161.94,74.46
08-08-2022,135.09,28.77
18-03-2024,822.42,123.36
29-04-2024,228.285,40.485
29-11-2021,925.92,101.79
08-04-2023,430.5708,134.8608
03-12-2021,362.5047,74.0547
03-06-2023,575.64,-25.71
07-10-2021,411.75,86.46
30-12-2024,327.4446,-92.9754
15-03-2024,298.566,43.056
22-05-2024,221.94,19.59
23-05-2021,244.26,92.79
15-12-2021,119.52,-14.4
09-11-2022,237.3219,-37.1781
22-10-2022,756.6,30.24
03-12-2024,901.908,100.128
05-11-2022,356.13,42.66
23-04-2023,670.14,-128.52
18-06-2024,533.2527,206.3727
29-11-2021,643.8393,232.6293
08-03-2023,414.102,-31.878
22-08-2024,546.3612,-104.8488
26-11-2023,536.64,64.32
09-08-2024,520.11,244.44
12-08-2024,578.34,277.56
20-03-2024,246,81.15
27-03-2024,318.48,6.24
20-03-2022,350.352,-17.568
26-12-2024,229.284,-7.656
04-11-2024,206.784,-27.576
17-06-2024,226.557,98.127
26-12-2023,367.902,73.332
30-08-2024,1151.22,287.7
17-12-2021,532.5,207.66
23-03-2021,363.4902,87.5502
10-09-2023,705.8805,-506.1195
16-01-2022,504.36,201.72
12-03-2023,236.25,82.62
12-08-2024,608.58,0
07-11-2024,663.84,-409.44
22-09-2024,845.46,295.74
25-05-2023,141.993,50.463
13-10-2024,232.2,15.48
20-12-2023,349.44,122.22
05-04-2024,287.28,48.72
17-04-2024,192,1.92
25-01-2024,785.79,369.27
15-08-2023,346.92,97.08
20-10-2022,784.8,156.96
01-09-2021,473.61,142.08
29-10-2024,773.388,326.448
19-12-2022,557.2188,47.8788
03-10-2022,312.444,104.124
02-01-2023,149.1,58.14
02-07-2024,757.32,136.26
13-06-2023,399.168,-173.292
04-06-2022,347.2056,8.3556
16-04-2024,356.6196,53.6796
01-01-2023,246.12,66.42
23-07-2023,413.424,-0.036
11-01-2021,554.3736,40.0536
28-11-2022,606.933,-418.167
30-11-2021,141.12,21.15
26-03-2024,374.58,134.82
28-09-2022,412.95,24.75
08-04-2023,334.8222,18.9222
29-10-2024,341.46,160.44
07-01-2021,273.702,-44.838
11-10-2022,637.749,118.359
21-08-2023,363.924,-170.016
20-03-2022,296.784,-192.936
26-01-2022,636.36,267.24
08-11-2022,588.978,71.838
04-02-2021,883.8,70.5
08-06-2022,102.24,43.92
31-03-2021,336.24,127.74
23-10-2023,332.856,-221.904
07-02-2023,488.88,117.18
26-11-2023,504.36,201.72
28-11-2024,495.99,74.25
21-05-2023,447.3,174.42
17-02-2022,502.02,125.46
02-05-2024,819.54,139.32
20-09-2023,251.55,98.1
26-09-2023,691.95,297.36
10-08-2023,218.16,72.72
03-10-2024,495.3606,149.0706
12-09-2023,260.4,31.08
07-05-2022,518.0694,180.9894
14-08-2022,369.72,166.32
24-08-2022,163.1331,37.9431
10-06-2023,674.901,14.481
25-06-2022,424.5315,17.4315
31-12-2023,498,44.7
10-07-2023,333.774,81.354
17-09-2024,244.2,34.05
15-09-2024,231.48,30
16-09-2024,576,194.4
14-05-2023,476.928,-31.872
10-06-2023,308.07,17.01
21-06-2022,303.2712,37.3212
07-08-2024,222.9795,-0.0705
25-06-2023,339.84,37.35
13-12-2024,445.326,63.606
27-04-2022,191.13,82.17
17-01-2022,496.53,238.32
30-01-2023,531.9,-53.25
19-01-2023,272.52,76.14
21-11-2024,447.876,129.336
08-08-2021,365.22,21.9
06-11-2024,341.577,-30.393
15-09-2021,639.66,121.5
18-04-2024,612.198,-81.702
27-10-2021,421.95,122.25
17-09-2023,423.27,181.98
16-10-2024,264.96,10.56
12-07-2024,443.73,159.6
12-09-2023,520.02,228.69
29-07-2021,216.8442,-24.6258
22-12-2022,195.885,-19.665
24-05-2021,978.39,205.38
06-11-2022,823.5801,-44.3499
17-09-2024,310.35,108.6
21-06-2022,573.48,200.64
07-12-2022,478.08,234.24
11-04-2024,211.68,86.76
03-08-2024,211.464,-66.996
22-07-2024,378,-20.16
16-05-2023,988.2327,-708.5673
10-09-2021,414.33,202.86
29-10-2022,170.1,83.34
22-08-2024,477.3006,45.4206
10-06-2024,241.74,106.2
01-10-2023,173.61,32.94
11-03-2023,190.998,25.398
17-10-2024,282.744,62.664
14-02-2024,604.575,185.325
19-09-2024,312.336,62.316
22-07-2023,418.728,-143.472
06-08-2024,457.893,111.843
09-12-2021,428.175,-51.525
06-08-2024,988.08,276.48
05-09-2023,875.016,311.016
29-06-2022,248.22,56.07
27-12-2021,278.6652,-12.0348
15-10-2023,623.6685,-153.5715
22-09-2024,671.0598,-73.6002
10-07-2023,166.8,15
13-10-2021,316.476,-126.624
29-10-2021,544.725,205.725
20-11-2024,654.102,-50.898
21-08-2023,948.618,421.578
01-11-2023,665.145,-0.195
13-10-2021,523.98,-139.77
07-10-2021,333.9,83.46
15-08-2021,392.22,160.74
17-08-2022,581.25,46.5
18-12-2022,404.16,104.88
16-04-2022,829.728,134.748
06-09-2024,358.68,14.28
25-06-2023,303,60.6
12-08-2024,449.64,13.44
23-12-2024,429.4125,-171.7875
01-04-2024,314.496,87.276
08-02-2023,364.8483,90.2283
29-03-2023,919.05,-128.67
02-12-2021,889.92,355.86
17-05-2022,512.163,130.833
12-12-2023,326.835,123.435
22-10-2021,493.83,85.59
12-12-2024,199.26,63.72
20-06-2023,257.76,-149.52
12-09-2024,440.5275,140.8575
14-11-2021,364.92,62.01
12-03-2024,321.9426,-168.6474
03-12-2022,879.15,35.1
20-08-2021,729.84,124.02
05-11-2023,422.82,12.6
08-12-2024,339.18,108.48
01-07-2023,674.55,195.6
01-10-2024,392.88,137.28
23-10-2023,404.73,117.36
12-10-2022,272.52,128.04
05-12-2023,618.732,-31.068
23-07-2024,368.172,147.252
09-03-2022,244.65,107.55
16-04-2022,408.456,-45.954
13-02-2022,371.808,-216.912
22-01-2024,264.9384,99.6984
08-08-2024,217.2,32.58
27-06-2022,425.7,85.14
10-07-2024,244.8,70.92
27-12-2023,155.34,48.15
13-09-2023,326.97,94.29
28-05-2023,377.568,12.528
08-05-2023,110.1132,12.0132
19-12-2021,466.7007,-39.3693
25-04-2021,408.7215,-104.0985
02-09-2021,578.64,98.28
01-11-2022,459.918,-30.672
21-05-2023,144,67.68
21-02-2021,173.349,-104.031
17-06-2024,380.538,-29.682
09-05-2022,249.885,41.535
23-01-2022,146.6775,-99.7725
01-03-2024,735.66,95.58
25-02-2022,260.82,115.86
22-08-2022,294.6,106.02
03-05-2022,197.883,70.353
11-05-2024,269.244,-134.676
19-06-2023,403.272,-60.528
25-06-2022,231.6312,-144.3888
30-11-2023,719.7,158.28
25-09-2024,247.35,56.85
19-09-2021,737.019,261.819
15-11-2022,351.216,118.476
15-02-2022,329.9886,-205.5114
17-10-2023,486.12,-77.88
27-09-2023,308.7,-41.22
10-02-2024,362.664,140.904
02-10-2023,200.1,96
26-06-2023,218.025,79.875
17-11-2022,409.4604,162.8604
04-05-2023,280.35,131.67
01-12-2021,219.78,59.34
08-05-2021,533.799,-144.891
20-09-2023,654.102,-50.898
24-08-2022,381.96,190.98
26-12-2023,330.075,-7.335
16-09-2023,149.76,53.91
19-07-2022,485.73,189.36
04-10-2022,285.48,79.92
04-05-2023,211.44,46.32
06-10-2021,248.52,104.28
21-09-2023,646.38,-71.82
19-05-2023,418.5,33.48
22-11-2023,446.4,26.7
06-10-2024,333.24,79.92
08-04-2024,152.55,-1.71
21-09-2023,248.94,-19.38
16-12-2024,493.452,-205.608
22-10-2024,380.688,19.008
25-11-2023,180.36,52.2
27-01-2022,520.98,187.5
02-08-2022,211.95,37.65
15-10-2024,398.688,-358.992
24-04-2022,185.055,-30.645
22-01-2024,613.287,44.307
26-09-2024,382.4253,32.8953
20-11-2023,108.48,45.54
09-06-2024,457.5465,134.5665
07-12-2021,312.228,-780.642
12-08-2023,401.04,176.4
29-11-2022,249.885,41.535
30-09-2024,554.28,77.52
08-04-2023,300.9234,-215.7966
17-06-2024,462.132,-0.108
24-01-2024,296.34,142.2
04-02-2022,221.112,74.562
18-08-2024,94.44,1.8
06-11-2024,550.08,-66.12
14-06-2024,160.02,46.2
24-11-2022,174.33,64.44
10-07-2023,352.512,23.472
07-10-2021,290.34,2.88
15-09-2021,361.2,155.19
17-09-2024,267.732,-156.258
24-10-2022,1114.8,211.68
18-11-2024,379.44,174.48
17-10-2021,691.4706,28.4106
09-11-2023,251.262,111.582
15-03-2021,153.81,27.63
11-12-2023,795.33,23.85
30-08-2024,358.8498,57.8298
16-10-2024,555.0336,-175.0464
17-09-2023,202.8,-69
12-06-2023,242.1,106.5
09-04-2023,158.76,65.07
04-10-2023,166.32,68.04
02-05-2024,275.616,-0.024
25-12-2022,751.653,25.053
24-06-2024,473.85,160.92
07-11-2023,280.3275,-3.8025
28-12-2022,561.5379,-0.0021
25-08-2024,602.208,213.888
27-11-2022,336.6,158.16
08-05-2023,274.32,63.06
15-09-2024,214.7514,-2.9886
20-10-2022,468.6,182.64
20-10-2024,328.995,94.995
02-04-2021,1278,460.08
08-10-2022,945.828,-392.892
10-01-2023,262.5,91.8
29-10-2024,234.36,86.64
06-04-2023,120.042,46.602
03-06-2023,464.5344,151.0944
30-11-2022,218.76,28.32
03-01-2021,337.6395,-122.8005
04-07-2023,314.991,125.271
11-05-2024,288,-14.4
07-11-2024,311.4,-373.68
15-10-2022,526.08,173.58
15-10-2022,888.72,239.82
01-03-2023,642.96,10.68
19-12-2022,258.3,46.44
29-04-2023,226.4022,37.0422
24-11-2024,458.3628,-210.9972
22-01-2023,193.68,90.96
06-05-2024,282.3,135.3
26-03-2024,275.76,5.46
09-02-2022,462.105,-36.015
08-04-2023,201.0675,-29.1825
14-11-2021,339.885,-24.615
16-01-2022,785.34,94.23
20-10-2022,398.61,15.93
24-07-2022,108.6288,1.9488
28-06-2024,325.92,78.12
22-07-2023,430.704,-33.576
27-03-2022,130.44,45.6
26-12-2024,910.35,391.35
11-12-2024,230.04,6.9
15-09-2022,385.02,57.72
04-06-2022,196.74,98.37
07-12-2022,171.42,34.26
21-11-2023,369.72,-140.58
30-12-2024,333.6255,-56.5245
25-06-2024,571.455,215.865
02-11-2021,504.72,232.11
17-04-2023,194.766,-95.934
09-10-2022,176.202,56.742
03-12-2023,229.392,50.922
15-12-2024,393.39,145.53
03-06-2021,562.518,143.718
04-01-2024,183.33,49.35
13-08-2022,373.23,89.55
17-05-2022,231.417,25.677
05-12-2023,545.04,-145.38
20-06-2022,112.95,18
08-01-2023,226.8,-22.8
07-07-2024,576.6525,-7.7175
05-10-2021,194.4,40.8
29-12-2024,474.4116,15.2316
07-05-2023,254.016,76.176
13-08-2024,154.44,43.2
17-12-2024,139.6815,-81.8685
25-06-2021,439.344,87.864
07-08-2023,281.754,-117.846
12-06-2023,248.7237,-32.8563
31-10-2024,206.685,-173.655
23-03-2022,235.008,-86.232
03-11-2021,375.84,107.94
01-08-2022,280.2834,72.3234
30-03-2021,233.8875,59.2275
10-06-2021,331.02,158.88
22-07-2023,705.6,331.44
19-09-2023,725.67,355.5
04-10-2023,246.69,54.27
01-09-2024,650.034,-23.706
24-05-2022,203.184,29.304
18-08-2021,524.28,146.76
15-11-2021,498.12,24.84
18-06-2022,87.21,-9.69
22-12-2024,243.27,121.59
19-06-2024,494.0658,-11.9142
04-12-2024,359.04,107.52
13-08-2024,807.84,250.38
26-06-2024,339.15,145.74
06-09-2022,394.956,21.906
04-12-2024,209.0136,-20.0664
26-12-2023,263.7492,-54.7908
28-05-2022,332.28,29.88
22-01-2024,582.426,26.766
21-10-2023,341.523,129.003
31-08-2023,124.8237,43.5537
30-12-2024,255.285,-47.655
23-07-2024,468.612,78.072
11-08-2022,66.69,29.97
21-08-2023,354.861,-7.929
15-04-2023,199.206,-20.034
04-08-2021,351.3,144
03-06-2024,517.14,243
02-09-2021,213.3,33.15
23-01-2022,124.74,-5.58
03-05-2023,200.76,86.28
20-12-2024,311.4,-31.14
02-04-2021,228.42,83.7
09-09-2021,266.328,11.808
27-10-2024,329.712,94.782
09-05-2022,504.54,-42.06
23-01-2022,152.928,33.948
23-07-2023,293.112,12.792
07-12-2022,136.95,40.95
17-10-2021,243.168,-27.372
01-11-2021,142.44,-25.68
28-10-2021,475.2,85.5
09-09-2023,73.5402,-15.1398
05-10-2024,367.578,-0.162
27-08-2022,498.2988,-66.0612
05-10-2022,427.8816,20.6016
05-08-2024,321.6591,-132.7509
04-04-2024,458.1564,-511.4436
07-10-2023,392.76,127.62
31-07-2024,455.76,-45.69
22-11-2024,2183.979,447.279
13-12-2023,288.9,127.05
06-10-2021,443.0706,53.3706
03-12-2023,392.85,148.41
27-10-2021,532.8,245.04
25-06-2023,190.9332,59.7732
31-07-2023,814.17,170.94
31-12-2023,499.44,179.76
28-03-2023,364.74,123.96
23-12-2024,363.39,10.89
26-12-2023,309.5568,100.5768
19-05-2021,68.634,2.274
04-10-2022,269.55,51.15
16-10-2024,208.035,62.385
02-06-2021,266.4,122.52
06-09-2023,197.64,13.14
24-06-2024,98.64,22.68
22-10-2023,189.54,50.46
08-11-2024,312.15,-87.45
06-11-2023,610.6725,110.3625
09-07-2024,234.3519,-12.8781
06-09-2024,402.75,36.15
05-10-2022,147.663,4.833
27-10-2024,249.18,59.76
30-12-2024,118.1007,41.2407
04-07-2021,278.85,-141.96
02-06-2021,219.6,50.4
24-11-2022,160.38,3.51
04-12-2024,1790.7582,560.7882
30-06-2024,293.328,-78.372
07-05-2024,199.2375,18.0375
02-09-2024,130.56,50.88
14-08-2022,367.83,47.79
08-08-2022,494.64,4.92
07-11-2022,494.91,-138.69
29-12-2024,584.6445,194.7945
11-07-2021,216.8775,86.7375
28-03-2022,329.3772,-7.9428
04-12-2024,940.32,141.03
05-06-2024,304.8,103.44
05-07-2021,415.1826,105.0426
30-08-2023,435.45,209.01
08-08-2022,297.48,14.82
23-10-2024,349.272,31.032
03-05-2023,214.14,92.04
20-11-2023,395.82,175.86
11-06-2024,139.5,11.16
10-01-2024,276.9378,46.6578
22-09-2024,784.728,62.208
16-11-2023,216.3,45.42
20-08-2024,144.9,70.92
06-01-2024,148.95,16.35
26-09-2023,226.59,-16.41
28-05-2021,470.9799,65.7999
18-11-2021,95.5413,35.6013
22-04-2024,182.58,43.8
10-12-2024,153.657,63.117
24-03-2024,91.746,1.986
26-12-2024,243.684,-89.376
14-09-2021,192,1.92
04-12-2023,259.4274,74.6274
25-02-2022,117.75,38.85
21-10-2023,264.9,113.85
06-10-2021,207.36,78.72
13-04-2022,347.553,-23.817
17-01-2022,259.74,46.74
25-06-2022,168.075,37.275
01-05-2024,163.98,45.9
18-03-2021,595.68,0
06-07-2021,353.22,158.76
26-12-2021,189.6,45.48
18-02-2021,257.85,-165.03
28-12-2022,402.6456,12.7656
26-05-2024,280.65,0
28-02-2022,299.295,-6.705
24-10-2024,140.94,4.2
08-09-2024,151.164,15.804
06-06-2023,229.2,-155.88
09-05-2022,549.24,252.6
18-11-2023,249.18,59.76
08-08-2024,152.4,42.6
03-10-2023,205.632,-85.728
11-10-2024,503.82,196.47
26-02-2021,79.38,25.38
13-05-2023,266.976,-80.244
22-06-2021,261.873,69.813
24-07-2024,199.53,15.93
22-12-2021,309.42,20.61
20-03-2024,228.42,43.2
07-01-2023,765.855,8.505
03-12-2024,202.095,89.775
22-10-2024,281.82,98.58
07-05-2024,933.4014,-78.7386
04-11-2021,248.85,-3.36
30-03-2021,461.3625,-110.7375
18-08-2024,496.2,64.44
24-05-2021,366.1296,61.5696
02-09-2021,220.968,4.788
02-12-2024,284.94,28.44
01-11-2021,82.62,-29.97
24-12-2023,340.68,13.62
14-09-2022,229.32,9.12
23-12-2023,124.416,-4.224
17-09-2023,201.285,64.845
02-12-2024,147.9654,8.2854
07-10-2021,206.4,66.03
16-01-2023,221.76,33.24
07-08-2024,668.8638,-32.2362
30-05-2021,380.7,163.62
03-09-2024,501.66,50.1
30-05-2024,166.68,49.86
17-02-2024,218.79,-123.33
07-02-2023,514.53,210.87
15-05-2023,132.3,6.51
10-06-2024,169.7961,-118.5639
12-09-2022,428.544,112.464
10-06-2023,110.241,-7.389
12-09-2024,472.122,162.582
04-06-2022,166.14,46.5
23-12-2021,199.53,15.93
23-05-2021,84.42,11.76
25-10-2022,178.0857,22.9557
13-10-2021,320.544,-35.616
04-09-2024,112.509,17.469
27-06-2021,146.88,2.91
21-02-2021,345.72,114.06
04-01-2024,168.96,6.72
04-10-2023,338.688,30.048
28-05-2024,236.376,11.796
06-10-2021,340.2585,32.7285
22-01-2021,59.724,-33.876
13-12-2024,107.244,-2.436
20-01-2024,238.788,84.888
10-05-2022,136.59,23.22
14-02-2023,156.222,52.062
20-05-2024,289.8,139.05
27-04-2022,225.2952,83.9952
07-08-2024,874.3635,-10.6365
11-03-2021,259.281,63.261
05-06-2023,248.22,96.78
14-10-2021,125.1,41.22
13-11-2024,293.58,129.06
04-09-2024,284.4,68.22
24-08-2023,174.45,27.9
13-09-2024,159.138,52.878
22-07-2023,254.0343,-95.8857
03-04-2023,165.2136,45.2136
26-05-2024,144.18,18.72
09-05-2024,233.6664,-167.6136
14-06-2023,222.24,-222.24
09-08-2024,397.44,15.84
28-09-2022,243.84,68.16
25-08-2024,256.23,-17.22
18-08-2024,88.41,0
06-02-2024,130.3488,-34.0512
18-06-2024,350.6193,82.9293
10-08-2021,513.12,251.4
07-12-2023,277.38,102.6
24-05-2022,69.3,11.7
03-05-2021,588.6,117.72
14-11-2024,378.39,151.35
13-10-2024,243.36,80.28
11-05-2023,400.608,-247.152
11-08-2024,812.88,357.6
23-12-2021,131.58,30.24
13-10-2021,325.3617,-135.0783
06-08-2024,220.56,68.28
15-09-2022,76.5,36.72
12-05-2024,470.232,-7.848
20-11-2024,204.228,-51.192
10-11-2021,131.64,64.5
26-03-2024,372.96,40.8
11-05-2023,287.49,114.87
13-11-2023,292.824,-14.676
22-01-2024,190.32,53.28
17-10-2021,402.75,-112.77
30-06-2024,182.304,9.024
04-06-2023,471,216.6
26-12-2021,242.214,-19.926
12-12-2023,157.56,34.56
30-04-2021,182.088,40.248
18-06-2024,537.705,-213.495
11-07-2023,319.2084,-186.8916
14-05-2023,169.4445,18.3645
28-02-2022,135.432,13.482
21-10-2023,148.56,32.64
20-09-2023,159.3,27
18-11-2024,262.95,110.4
03-11-2021,226.839,21.819
28-12-2023,432.288,-91.872
22-08-2023,212.22,46.62
22-08-2023,408.36,-294.12
07-01-2021,387.5175,25.8075
31-10-2023,220.65,70.5
24-12-2021,512.163,130.833
25-06-2023,224.046,49.716
22-10-2024,194.292,-3.288
30-06-2024,216.3294,-113.3706
15-08-2021,396.45,190.2
02-08-2022,183.42,10.98
28-03-2023,136.581,-95.469
21-10-2023,333.9,83.46
16-10-2024,197.64,-21.96
31-08-2021,446.58,14.82
23-02-2021,160.224,-28.056
20-09-2023,250.8,85.2
11-03-2024,231.15,85.5
07-02-2021,185.04,48.06
20-05-2024,287.28,48.72
13-03-2024,113.16,53.16
09-12-2023,297.183,44.733
22-07-2023,691.641,-15.009
28-04-2024,168.6,79.23
01-04-2023,375.4098,-36.0702
23-12-2024,379.044,63.144
15-10-2022,587.79,58.77
04-12-2024,274.68,137.34
22-10-2024,162.3978,-23.5422
14-08-2022,346.32,13.77
09-10-2024,214.92,36.48
03-12-2021,335.583,81.783
27-10-2022,4242.3624,459.9624
22-06-2021,384.21,110.91
01-08-2024,371.7,43.32
15-02-2023,170.76,61.44
14-11-2024,593.73,11.79
27-12-2024,473.847,-5.853
03-07-2023,166.56,76.56
06-02-2023,199.26,2.1
14-11-2024,153.063,10.203
09-12-2024,186.786,8.286
28-11-2021,462.132,-0.108
15-03-2024,426.6,-5.76
16-04-2024,263.5416,76.1616
18-06-2023,356.6178,133.1478
02-08-2023,663.8766,81.8166
26-07-2021,427.68,37.98
16-10-2022,497.16,154.08
10-12-2024,81.405,19.755
09-07-2023,84.8406,11.5806
08-09-2024,157.41,-108.87
09-09-2023,321.84,67.92
28-02-2022,131.922,46.902
24-06-2023,3916.08,1252.98
17-10-2024,270.27,10.8
28-12-2022,108.9,6.45
01-10-2022,604.5,36.15
19-12-2024,158.976,-95.424
02-04-2021,522.72,214.29
20-12-2021,1036.8,20.7
18-04-2024,145.05,26.1
26-09-2021,85.23,16.11
31-08-2021,71.4378,22.4778
21-03-2021,187.839,2.079
17-11-2024,90.18,26.1
02-12-2024,191.8455,-0.0945
07-10-2024,195.885,-19.665
22-01-2024,112.9392,37.6392
20-09-2024,256.473,82.593
25-12-2024,444.42,153.06
11-11-2023,186.8832,8.8632
01-11-2023,551.1,49.5
16-11-2022,318.132,-196.188
25-12-2023,213.36,59.64
10-06-2021,162.81,51.84
13-02-2024,358.668,75.708
07-10-2023,358.92,143.28
05-04-2022,501.228,61.248
10-12-2022,341.172,-7.608
13-04-2021,470.394,202.284
21-11-2024,155.7,13.95
11-06-2022,151.74,5.04
08-10-2024,247.86,59.46
28-07-2021,184.8,73.8
11-03-2023,358.56,-4.08
13-12-2022,107.136,-60.744
08-08-2024,340.62,74.76
21-06-2021,109.8,43.92
18-01-2023,153.414,15.174
15-03-2024,246.6945,-125.2755
27-08-2022,431.2182,-41.5818
17-12-2023,354.348,-129.972
18-01-2023,165.456,-3.744
05-12-2021,324.45,68.13
07-02-2023,398.7,87.6
07-08-2022,348.0273,16.7373
29-04-2024,275.886,3.006
18-06-2024,340.2585,32.7285
07-05-2023,103.3725,-28.3275
21-12-2021,243.15,29.1
24-05-2022,164.025,56.475
27-12-2024,533.2212,-153.4188
14-10-2024,354.942,70.812
11-05-2022,177.6,1.65
02-05-2021,476.763,78.363
17-10-2021,95.64,-14.46
27-09-2023,107.82,20.46
22-11-2021,90.936,4.536
26-11-2023,325.8,48.87
18-09-2023,293.52,129.12
18-11-2021,298.62,44.73
06-02-2023,132.5925,11.0925
31-10-2024,272.28,100.68
13-09-2024,259.05,124.2
07-11-2021,87.12,22.62
09-08-2021,333.84,56.64
16-10-2022,720.36,0
13-09-2023,180.2262,-28.5138
19-06-2022,224.82,6.72
17-07-2024,223.83,-67.17
24-07-2024,390.582,30.312
24-10-2022,303.84,130.56
16-03-2023,178.32,65.88
06-05-2023,307.0494,-73.1106
11-09-2023,308.259,95.739
08-05-2023,140.13,64.44
14-12-2021,374.76,149.76
06-09-2024,510.12,50.94
12-11-2022,414.9,124.35
17-04-2024,103.2,44.34
31-12-2024,300.24,84.06
25-09-2023,161.514,51.984
23-08-2023,362.88,-36.48
02-04-2021,3195,1150.2
01-12-2022,316.8492,13.0092
27-03-2022,208.656,88.056
07-08-2024,571.32,251.28
22-08-2023,204.93,18.36
18-02-2024,222.618,-157.902
02-04-2024,86.3052,-53.8548
07-10-2023,775.62,224.91
11-10-2023,190.08,-53.28
24-11-2023,369.45,84.96
29-07-2024,1252.3455,437.5455
28-08-2023,180.144,36.024
19-05-2023,190.32,53.28
03-07-2023,144.99,12.96
11-01-2021,333.6903,13.4703
17-12-2021,277.0374,19.9974
23-08-2024,300.51,50.07
03-12-2022,123.753,32.793
26-03-2024,150.66,9
04-05-2023,100.56,35.16
03-06-2021,350.649,31.149
13-06-2022,484.5114,151.0314
19-09-2024,317.331,123.291
02-04-2024,110.4855,-30.3645
11-02-2024,52.731,9.891
20-11-2024,484.596,102.276
01-05-2024,275.13,16.47
21-11-2022,122.616,-59.304
22-02-2023,262.86,21
27-10-2024,109.32,12
22-11-2022,334.125,-33.525
07-10-2021,114.45,12.45
02-08-2022,368.226,126.756
14-11-2024,46.305,16.905
15-05-2023,203.22,46.71
07-03-2022,136.485,37.845
14-11-2024,115.992,14.172
05-10-2022,121.05,-14.55
16-01-2023,180.6,51.9
31-01-2024,217.89,55.59
14-11-2021,193.9902,-61.1298
07-10-2024,402.246,8.856
25-04-2023,362.46,36.12
06-04-2023,158.22,26.34
24-05-2021,81.9,27
11-09-2024,249.75,114.75
18-06-2022,444.312,-89.028
13-02-2024,153.9,12.3
06-06-2024,752.9193,-131.6007
22-06-2021,132.111,58.671
03-08-2022,177.849,74.949
26-11-2024,511.65,51.03
25-06-2023,138.6,59.43
14-01-2022,271.44,62.4
23-09-2021,190.2,34.2
31-08-2021,60.6315,4.3815
31-12-2022,241.32,82.02
19-09-2023,118.272,-43.008
20-05-2023,289.35,54.9
20-10-2024,137.538,16.578
31-05-2024,339.12,135.6
24-06-2021,166.32,-7.44
09-08-2024,539.04,183.27
11-09-2024,219.75,35.1
28-11-2021,454.08,-107.4
14-10-2024,152.1,-36.54
22-03-2021,394.065,75.015
20-12-2023,69.3,16.62
23-07-2023,314.16,94.08
16-03-2023,202.2,70.68
21-02-2024,384.48,-123.12
23-06-2021,151.548,18.588
11-09-2023,146.88,2.88
31-08-2023,1584.0783,-102.2217
10-10-2024,162.576,-65.064
02-12-2021,644.88,309.48
23-03-2021,136.5147,26.4147
19-01-2022,235.05,82.2
05-06-2022,367.47,14.58
10-04-2023,313.74,15.12
13-09-2023,221.5353,26.6853
22-10-2021,499.68,139.68
31-05-2024,342.495,27.315
16-05-2022,148.5,4.32
01-11-2021,323.46,138.96
19-12-2023,414.03,169.74
20-10-2024,436.0728,-149.4072
24-07-2022,166.8051,1.9251
02-08-2021,90.3,38.82
24-06-2023,440.964,-44.196
04-11-2024,130.23,32.49
18-12-2022,293.382,22.752
09-10-2024,302.625,-36.375
08-10-2023,190.17,68.4
18-08-2021,262.14,73.38
19-01-2022,332.64,132.84
22-06-2021,239.112,-16.008
30-12-2022,455.868,45.558
08-07-2024,109.674,-7.326
29-10-2023,1171.53,195.18
06-05-2024,99.42,31.8
25-06-2023,152.496,16.896
10-08-2022,1214.22,339.78
08-09-2022,662.4396,-71.9604
08-05-2024,263.73,-179.37
21-02-2024,364.2975,67.9275
16-12-2023,418.818,40.338
02-09-2022,448.65,107.55
15-09-2021,263.52,60.48
13-07-2023,75.384,4.104
16-04-2022,154.38,5.58
26-09-2024,162,38.88
06-12-2023,286.5,-194.85
01-06-2023,151.65,53.01
07-06-2023,218.844,-21.936
14-11-2021,1356.8328,335.5128
10-06-2023,128.304,5.634
14-08-2022,257.7,25.65
24-05-2022,130.41,28.77
17-05-2023,75.744,-11.376
18-12-2024,266.22,69.18
26-08-2024,309.54,-49.56
20-08-2024,155.85,4.65
27-11-2022,151.2,0
10-05-2023,119.808,-10.032
30-03-2021,226.125,-24.255
24-01-2024,232.47,-112.56
01-04-2024,104.436,46.416
15-01-2023,122.4,0
22-08-2023,206.85,0
29-05-2023,264.9384,99.6984
17-06-2024,88.563,-71.937
01-05-2023,333.6,19.98
10-06-2023,515.5794,37.2594
31-01-2022,440.64,39.09
05-09-2022,243.8208,-44.1792
27-03-2024,362.85,32.64
26-04-2022,197.76,43.44
18-08-2024,264.5958,-58.1742
07-10-2023,126.5382,29.4282
10-12-2024,119.556,-15.984
02-08-2024,67.14,5.34
22-10-2023,264.87,26.46
16-10-2024,123.8526,7.4526
09-08-2024,216.3294,-113.3706
20-06-2024,236.97,-102.78
22-11-2022,299.295,-6.705
31-08-2021,138.645,56.895
03-08-2021,329.76,-12.42
06-12-2021,245.76,103.2
11-01-2024,169.308,8.448
28-03-2024,599.28,17.88
25-09-2024,175.824,-140.886
11-11-2021,68.2011,10.6011
16-08-2023,212.706,28.206
03-05-2023,203.6322,36.7722
08-06-2022,239.22,-100.71
03-01-2021,211.1805,-70.3995
26-12-2023,282.18,121.32
19-11-2023,165.42,55.14
07-03-2022,263.736,-114.444
03-09-2024,181.818,-27.342
04-01-2024,168.72,84.24
07-05-2022,197.4942,5.2542
01-11-2023,660.288,-115.572
24-10-2022,258.852,-0.108
30-08-2021,146.16,8.64
09-09-2023,246.105,8.055
11-01-2023,128.466,22.836
24-05-2021,82.44,37.08
04-06-2024,209.34,33.48
15-01-2021,149.9712,-49.3488
15-01-2021,51.3774,-0.0126
12-08-2023,163.5,37.59
15-11-2022,124.3755,16.3755
18-02-2024,127.89,28.95
24-12-2022,176.43,22.92
31-07-2024,287.28,-191.52
23-12-2024,162.54,17.82
28-10-2022,168.03,20.16
27-11-2024,240.336,-136.224
09-12-2021,214.65,48.33
12-07-2022,474.444,-52.716
15-03-2022,282.0672,-3.4128
30-01-2023,207.6,41.4
01-10-2024,247.32,2.46
25-09-2022,105.48,31.56
14-04-2021,105.6,39
14-06-2023,278.64,55.62
19-07-2022,466.956,-109.074
30-05-2022,381.591,80.541
11-02-2024,68.175,15.825
16-06-2024,91.665,-42.315
22-04-2024,99.96,25.83
22-08-2022,259.605,72.585
15-09-2023,110.88,16.62
15-11-2021,208.44,-24.36
04-08-2023,321.9426,-168.6474
27-08-2023,110.5062,-1.3338
24-05-2021,170.04,16.98
22-11-2022,92.88,36.12
10-12-2023,248.64,84.48
08-07-2021,213.84,27.78
17-10-2021,185.0175,-7.4025
27-12-2021,160.356,-13.524
31-05-2023,71.19,21.33
22-07-2023,129.8871,-46.6029
30-04-2024,276.885,18.375
24-03-2022,111.051,29.601
11-11-2023,174.204,69.564
26-12-2023,400.32,112.08
05-03-2022,117.666,40.506
10-07-2023,209.52,83.7
07-05-2024,222.615,32.115
10-05-2022,769.65,384.72
01-05-2024,47.52,23.28
28-07-2021,273.18,46.44
17-01-2024,418.05,79.38
11-03-2024,166.68,18.33
22-03-2021,58.17,15.69
30-11-2022,717.4764,146.5164
02-08-2024,336.36,117.72
19-10-2021,340.08,33.96
18-04-2022,250.992,25.092
16-07-2024,219.9,109.92
10-05-2022,166.68,30
30-11-2021,101.1936,13.3536
19-06-2024,875.16,-493.32
01-12-2022,344.16,13.68
19-10-2022,444.51,213.3
20-11-2023,363.825,133.245
11-09-2024,308.46,86.34
08-05-2022,512.91,0
03-07-2023,265.74,10.62
14-06-2023,215.04,53.76
04-07-2021,248.9004,35.9604
06-02-2023,203.904,2.244
10-01-2023,169.38,81.18
21-09-2022,124.875,49.875
18-08-2024,428.22,111.33
10-01-2023,142.74,39.96
06-11-2024,317.574,10.554
19-11-2023,99.144,24.084
04-11-2024,170.424,-108.036
26-04-2022,206.16,20.52
07-02-2021,278.16,133.44
06-04-2023,175.92,73.86
21-04-2024,301.89,3
07-06-2023,460.356,-49.584
26-03-2023,311.76,105.84
08-05-2024,322.974,-0.006
18-05-2021,192.6324,39.5424
04-05-2021,82.044,-32.676
29-08-2021,310.554,-24.156
11-01-2024,349.32,83.82
24-01-2021,420.42,147
14-11-2024,121.8855,48.3855
29-12-2024,214.515,16.485
13-08-2023,173.25,45
09-07-2024,177.876,-0.084
07-05-2023,225.6,58.65
17-09-2023,84.132,18.672
17-08-2022,855.45,205.2
10-06-2023,478.764,-0.036
11-07-2023,321.492,-114.588
14-11-2024,241.434,101.934
02-08-2022,249.264,71.964
20-03-2024,245.13,85.77
18-04-2022,260.415,8.565
19-02-2024,154.3752,-68.6448
13-02-2024,274.4658,-67.3542
24-04-2024,263.412,99.432
06-03-2024,373.68,-4.32
28-10-2021,396.78,166.62
08-05-2023,84.4608,-17.2992
17-12-2024,143.532,19.092
02-05-2024,448.6344,-355.6056
22-12-2022,133.893,22.113
21-09-2023,253.746,16.896
31-05-2023,96,6.72
17-06-2024,327.3,150.54
01-05-2024,767.34,22.86
26-03-2024,100.0611,19.1511
09-04-2024,230.526,66.546
21-02-2024,246.48,55.38
22-10-2023,127.656,45.306
22-01-2023,99,7.92
16-03-2021,49.5,0.36
15-12-2021,125.82,-113.31
13-06-2021,218.76,6.48
25-11-2023,309.042,-20.658
17-09-2023,167.28,70.2
28-11-2023,634.23,-49.47
22-05-2023,174.12,1.68
12-05-2024,211.62,10.56
25-01-2024,185.46,59.07
03-09-2024,79.8,1.47
06-09-2021,282.948,61.908
07-08-2022,227.8314,-14.7486
09-12-2021,235.332,81.012
02-09-2021,80.1,39.24
30-05-2024,193.104,-51.576
26-06-2022,202.0635,-7.3365
01-12-2024,500.22,190.08
06-02-2023,313.5204,-30.0996
21-09-2022,103.68,5.76
26-06-2023,293.7,146.7
28-06-2023,192.2382,-52.7418
22-10-2024,291.456,58.266
03-11-2021,244.2069,-116.3031
09-08-2022,94.5,40.59
22-06-2022,224.82,6.72
22-12-2021,121.2,42.24
06-03-2022,141.912,-7.938
12-01-2022,161.109,-27.291
23-11-2021,250.4046,47.9646
30-11-2023,93.7236,-4.5564
11-07-2023,256.77,69.12
17-06-2024,460.08,13.8
07-09-2024,321.03,73.8
06-09-2022,258.93,-48.39
20-08-2022,726.39,101.64
14-08-2024,243.8424,-202.4376
09-06-2021,259.146,-28.794
23-12-2021,279.576,-147.444
25-01-2024,771.39,154.17
03-09-2024,742.59,267.3
04-10-2024,180.6,73.92
24-10-2024,169.068,-39.432
02-01-2023,292.8,20.4
06-09-2023,175.68,40.32
22-07-2023,338.04,94.5
31-08-2024,86.76,22.5
26-10-2021,90.18,-63.18
09-12-2023,229.2,36.66
03-07-2023,105.6,39
08-01-2024,98.8875,-0.0225
13-12-2022,79.506,13.146
07-01-2023,328.698,-14.622
29-10-2024,131.4876,25.1676
05-05-2024,99.954,16.614
17-07-2024,78.327,6.957
30-10-2023,104.112,20.772
07-04-2024,247.212,109.872
01-09-2022,243.54,104.49
27-01-2024,333.48,110.04
21-02-2021,183.951,75.591
06-02-2023,170.1168,63.4368
07-03-2024,161.352,-7.368
03-09-2023,249.84,69.84
09-04-2024,262.872,8.712
05-09-2021,264.9942,-17.1258
29-06-2022,146.88,23.49
27-08-2024,184.0902,-159.8898
06-10-2024,136.404,24.174
12-08-2023,173.46,48.51
16-02-2023,211.68,86.76
12-02-2023,241.65,21.69
13-12-2021,72.09,-4.86
30-11-2023,254.16,50.76
15-04-2021,261.24,101.88
10-08-2022,192.1284,4.5684
28-11-2021,191.28,34.32
12-06-2023,123.543,-84.057
26-12-2024,178.884,-98.406
19-04-2021,132.03,54.09
10-12-2023,273.915,-241.065
29-03-2022,55.8,-42.48
06-12-2022,182.898,69.078
13-09-2023,181.44,24
10-03-2024,125.685,1.335
29-06-2021,110.5062,-1.3338
23-01-2022,159.894,15.174
19-08-2023,461.106,133.206
13-06-2024,182.4048,-106.7952
03-10-2022,172.08,6.84
27-12-2021,251.0676,-31.8924
04-03-2024,90.981,-23.229
24-09-2024,549.54,-338.94
13-09-2023,119.88,-4.02
24-10-2024,160.2,35.1
09-05-2022,286.092,104.832
28-12-2022,241.2774,-68.9826
20-06-2022,117.072,39.492
25-11-2021,352.98,158.76
23-03-2023,49.104,-34.866
27-12-2021,222.855,-34.905
16-09-2024,206.9535,31.8135
30-03-2024,130.56,50.88
14-07-2024,116.235,10.305
03-03-2021,731.07,160.83
21-10-2024,295.05,123.9
06-12-2023,101.01,15.12
31-08-2021,93.18,23.28
10-12-2021,228.48,13.65
26-10-2022,131.0058,21.4758
12-11-2024,124.14,43.44
26-12-2021,159,31.8
29-09-2024,94.5,-21.45
20-10-2024,259.4712,49.7112
03-06-2021,160.866,1.746
27-07-2021,267.3,-26.82
02-09-2021,174.33,27.81
19-06-2023,381.78,91.62
28-08-2023,219.78,9.63
26-07-2023,133.596,48.876
25-09-2024,427.14,187.92
17-10-2024,389.28,19.44
07-04-2022,124.68,3.72
07-09-2022,508.4082,-18.4518
21-12-2021,301.041,-39.969
31-07-2022,235.6965,88.5465
02-07-2024,162,38.88
01-05-2023,173.124,53.844
01-11-2022,300.024,123.264
04-08-2021,101.64,33.39
10-07-2023,71.64,12.78
14-05-2022,145.5,17.4
17-05-2022,141.912,-12.648
11-08-2021,139.14,15.3
01-01-2023,242.25,12
28-12-2021,61.02,23.76
15-02-2024,221.832,91.032
09-10-2022,414.72,8.28
07-09-2024,249.06,12.42
31-05-2024,248.937,-61.323
16-12-2023,106.8,23.4
23-05-2024,142.9758,48.2058
06-08-2024,107.595,3.495
06-02-2022,56.943,25.263
02-10-2024,310.14,43.38
07-03-2023,206.658,41.298
08-12-2024,162.4476,52.7676
06-11-2023,158.6025,-83.9475
16-04-2022,143.0754,51.6954
05-06-2022,339.48,27.12
23-01-2022,86.4174,25.9974
02-08-2022,91.92,26.64
20-11-2023,177.768,7.848
18-08-2024,325.68,123.72
14-10-2023,251.64,12.51
03-05-2021,423.24,21.12
29-06-2022,119.85,34.65
26-12-2022,150.255,25.035
26-12-2024,342.624,61.884
14-06-2021,205.74,-5.52
29-10-2024,136.1781,-23.0319
12-02-2023,407.04,0
10-12-2021,350.07,147
21-02-2021,179.46,69.93
13-06-2023,89.1918,-0.0282
27-06-2021,133.5,65.4
09-01-2021,176.6808,-156.6792
24-06-2021,268.596,35.796
29-12-2024,114.156,34.146
05-04-2022,379.809,113.859
26-10-2021,306.774,88.614
27-04-2022,133.02,2.61
28-02-2022,482.328,107.148
14-09-2022,163.5,52.32
31-01-2022,212.49,49.53
24-01-2021,219.96,8.76
16-12-2024,147.888,-4.992
23-06-2024,92.934,12.384
30-12-2024,232.4133,-107.0667
25-11-2021,209.1,44.25
22-08-2023,293.16,123.12
01-11-2021,255.45,28.05
30-08-2023,286.47,117.45
23-12-2023,451.8,99.3
25-04-2023,167.37,81.9
10-07-2024,150.894,41.814
29-06-2021,166.6557,-26.1243
04-11-2024,167.34,-83.7
20-05-2023,110.916,45.516
30-06-2022,284.634,37.884
23-08-2023,256.932,45.672
05-09-2021,68.94,-63.54
09-01-2024,336.528,74.688
07-11-2023,253.53,9.99
28-02-2024,170.28,23.76
06-10-2024,348.66,146.4
23-10-2022,195.1884,-48.0816
13-03-2024,62.4,25.56
25-08-2024,78.9828,10.4628
09-08-2023,102.54,18.42
09-12-2021,271.3554,17.4954
24-06-2024,146.52,40.95
06-04-2022,227.4,49.95
14-08-2024,163.98,0
09-11-2021,137.2986,23.0886
26-11-2024,223.68,46.8
11-09-2022,87.8316,-24.9684
12-05-2022,248.58,77.04
18-06-2024,345.597,9.867
02-09-2021,86.4,12.96
23-01-2022,146.88,2.88
23-04-2023,483.462,10.542
27-03-2022,127.44,19.8
15-02-2021,136.935,-1.845
19-08-2024,85.5,34.2
15-06-2023,188.7,88.5
13-09-2024,63.84,8.88
20-03-2024,159.3,27
19-08-2024,218.025,-24.225
14-02-2021,253.95,76.05
12-11-2024,360,169.2
18-10-2023,187.83,33.75
12-11-2024,297.84,0
19-12-2024,171.828,20.988
13-04-2022,205.6491,-27.2709
04-11-2024,201.816,-10.104
07-01-2023,302.616,94.116
23-12-2021,243.18,89.94
29-07-2024,295.8,70.92
12-01-2022,166.56,76.56
01-12-2024,237.72,52.29
13-09-2023,329.4,131.76
13-11-2022,250.68,112.8
18-11-2024,196.65,82.5
28-04-2021,298.62,44.73
21-12-2021,145.89,18.96
22-03-2024,168.8625,35.9625
15-10-2022,253.8,109.08
21-10-2023,164.88,54.36
20-06-2022,106.32,30.78
16-12-2021,167.16,73.44
03-03-2023,205.9038,22.4838
07-11-2021,107.55,51.57
15-08-2021,191.73,57.33
18-02-2024,101.97,13.59
20-03-2022,326.97,76.17
17-10-2022,498.528,171.648
16-03-2021,158.76,50.76
21-02-2022,124.14,43.44
25-06-2024,70.2,5.46
23-03-2023,104.6925,-5.6475
18-08-2024,162.864,68.664
29-08-2021,97.776,-26.124
12-08-2024,178.119,-15.861
04-09-2024,117.288,32.238
11-03-2024,137.16,26.01
12-11-2024,126.27,56.79
03-09-2023,113.1975,-27.2025
18-12-2023,181.92,39.96
30-03-2021,248.274,57.294
11-07-2022,76.08,12.12
04-08-2021,109.6845,6.4845
11-01-2021,187.5735,2.4735
22-11-2022,149.931,24.921
12-08-2024,99.036,29.706
26-09-2023,318.276,56.406
04-06-2023,235.2,35.25
25-04-2022,97.2,20.4
31-05-2022,401.436,173.916
07-10-2021,220.2,2.16
28-09-2022,182.214,-106.596
16-05-2024,47.844,10.584
11-08-2021,68.28,23.16
13-06-2023,180.792,-12.168
25-04-2023,149.4,67.2
14-08-2023,118.0629,25.8129
11-01-2021,141.57,52.38
11-12-2023,378.45,94.59
22-09-2021,385.02,126.99
25-11-2024,112.509,17.469
18-12-2022,150.012,13.332
22-05-2022,242.109,-16.191
02-02-2022,773.28,162.36
07-02-2023,159.12,60.39
20-12-2023,55.32,13.2
30-08-2021,103.2,44.34
31-05-2024,121.419,49.869
09-02-2022,757.755,-84.195
16-07-2024,171.42,34.26
15-06-2023,329.28,49.35
11-12-2024,52.83,18.99
24-05-2023,134.595,25.065
04-11-2024,105.552,3.492
24-11-2024,82.296,16.416
01-11-2021,98.592,22.152
07-05-2023,83.43,12.96
31-03-2024,98.88,37.56
06-02-2023,543.3507,-481.8393
31-05-2024,212.355,63.705
02-06-2024,82.5,6.6
19-08-2021,51.96,-37.44
21-11-2022,124.056,-53.784
01-09-2021,87.9,21.96
01-12-2022,203.22,46.71
01-12-2021,181.3266,28.7466
17-10-2024,195.72,97.8
08-05-2024,148.56,32.64
11-01-2022,123.48,-51.48
16-05-2024,305.532,-6.828
16-12-2021,275.4198,-93.5802
29-12-2024,245.16,73.44
20-08-2024,110.7702,4.3902
29-07-2021,183.2475,-31.2525
15-12-2024,110.7,12.12
17-09-2023,110.3103,27.1503
09-08-2024,137.136,-0.024
17-09-2024,87.06,0.84
19-12-2022,85.14,21.24
09-01-2023,137.88,-31.32
15-05-2023,111.888,29.808
26-05-2024,192.0288,25.3488
29-11-2023,106.65,-1.44
14-10-2024,475.86,114.18
09-04-2024,170.208,60.408
31-08-2023,72.0606,6.9006
01-03-2021,238.929,62.169
19-09-2023,134.0955,-82.9845
28-12-2022,121.59,44.97
22-06-2022,167.34,41.82
16-09-2021,99.5004,-3.6396
05-11-2024,265.26,13.26
12-10-2021,90.72,17.07
18-08-2024,186.93,29.88
10-01-2023,204.768,6.768
22-02-2023,427.59,128.25
23-04-2023,231.525,43.725
25-12-2023,246.402,-102.378
20-11-2024,291.654,38.874
04-10-2023,165.6516,-4.6284
12-12-2024,130.26,31.26
09-10-2024,144.9678,12.2178
18-09-2022,102.5868,-89.0532
05-12-2021,107.1,13.86
26-05-2024,207.33,-29.07
26-05-2024,66.528,22.128
03-09-2023,208.08,-31.92
11-01-2024,117.5625,-55.6875
26-06-2022,181.989,-10.011
12-04-2022,96.9,26.1
19-12-2024,315.252,41.832
09-05-2023,85.9548,-7.2852
01-11-2022,164.7,65.88
28-02-2024,95.904,-9.666
30-12-2022,261.954,43.614
18-12-2022,137.58,28.86
10-09-2023,314.1135,30.2535
22-08-2024,175.4703,46.5003
20-08-2021,139.68,4.08
24-12-2021,100.008,22.128
06-03-2023,220.185,73.305
24-06-2023,53.76,19.8
25-11-2021,250.614,50.094
08-10-2024,281.151,-95.229
04-07-2022,97.2,20.4
01-03-2021,109.1853,-74.4147
10-01-2023,92.82,45.48
05-09-2022,299.16,68.76
29-07-2023,238.6503,22.7103
06-05-2021,387.36,116.16
25-06-2023,88.965,14.715
09-12-2021,195.534,64.374
09-05-2024,111.84,3.24
18-11-2024,224.82,6.72
30-12-2024,154.953,58.473
16-05-2023,164.7135,63.4935
16-02-2022,170.55,17.01
12-02-2023,189.72,66.36
18-10-2022,90.9,36.36
25-08-2024,99.09,-9.93
24-12-2022,161.04,12.87
07-07-2024,449.3475,-53.9325
24-06-2021,154.278,17.118
11-08-2022,59.88,4.68
19-11-2022,100.5,17.04
28-08-2022,39.852,7.932
05-05-2021,139.032,19.062
30-06-2021,75.87,18.9
18-06-2023,109.9485,-18.7515
22-09-2021,397.74,0
08-11-2023,108.48,45.54
27-11-2022,329.94,13.14
08-09-2024,111.738,-30.582
07-11-2021,1234.56,135.72
02-07-2021,171.288,-39.972
21-07-2021,148.8,46.08
14-08-2023,82.6182,-16.9218
03-12-2023,63.315,5.565
22-12-2024,163.4436,57.0036
17-11-2022,720.3348,-19.8252
14-11-2021,348.93,104.67
28-07-2023,94.71,-13.44
02-07-2024,260.64,44.28
06-10-2021,424.71,157.14
06-04-2021,122.76,41.67
02-08-2024,53.784,-0.936
28-07-2024,93.51,2.79
28-11-2024,151.92,65.28
09-05-2023,45.3678,-9.2922
30-03-2021,218.4,69.81
10-09-2024,145.86,11.64
25-09-2023,176.256,11.736
17-01-2022,248.82,89.55
04-06-2023,158.58,69.66
24-04-2022,102.7776,3.7776
24-06-2024,164.754,52.974
12-08-2023,137.07,56.16
04-12-2024,432.6615,-394.2585
07-12-2022,236.1,73.14
11-03-2024,139.59,69.75
28-09-2022,97.3674,23.9274
07-08-2024,196.92,90.48
26-04-2023,277.14,38.76
01-03-2021,91.872,-45.948
15-08-2022,262.14,73.38
10-10-2024,449.9154,203.1354
16-04-2023,46.98,-1.08
17-12-2023,41.85,4.65
01-12-2024,305.91,47.55
06-04-2023,100.008,9.978
18-08-2021,346.3656,6.5256
26-05-2024,50.4,3
07-11-2023,180.72,-9.84
13-06-2023,145.0674,-15.7626
29-12-2024,161.0034,32.9634
03-05-2023,185.1645,-2.6355
31-10-2022,87.42,32.34
25-12-2023,119.88,16.74
29-07-2023,268.1535,-207.4965
21-08-2021,210.24,57.6
15-05-2023,53.01,4.77
09-10-2023,171.828,20.988
13-06-2023,365.22,21.9
10-05-2021,134.73,22.41
26-09-2024,99.3012,16.7412
11-08-2021,156.87,39.15
13-03-2024,52.86,11.58
02-09-2024,116.397,24.327
30-11-2022,95.22,16.14
29-05-2024,149.58,14.94
07-07-2022,144.54,18.72
07-06-2023,213.0942,-18.0258
02-09-2023,115.0131,-4.1769
24-01-2022,253.02,5.04
11-04-2023,252.06,12.6
11-10-2022,58.8,18.78
14-11-2022,139.35,-86.43
26-04-2021,90.024,-18.096
25-08-2024,219.78,9.63
06-08-2023,171,32.4
24-11-2023,139.86,40.5
27-05-2024,83.754,13.914
08-05-2022,86.4,-56.16
15-10-2022,195.78,76.32
22-12-2021,309.042,-20.658
14-10-2024,99.54,33.84
06-10-2024,172.86,57.03
23-10-2023,251.73,123.3
02-10-2022,102.87,27.36
12-12-2022,36.3474,-15.8526
20-02-2022,186.948,-74.952
08-11-2021,53.76,17.64
22-03-2022,42.84,11.07
20-08-2024,130.221,-14.859
12-07-2022,172.62,-62.16
11-06-2024,129.843,-8.667
22-10-2022,281.82,30.96
04-02-2024,232.848,-97.032
05-09-2021,195.786,29.436
21-08-2023,95.64,14.34
22-01-2024,63.2025,-34.6275
17-12-2024,56.52,23.7
08-12-2024,80.9205,-0.0795
20-11-2023,133.3341,40.1241
28-08-2022,185.265,-81.585
10-04-2022,194.64,42.72
06-09-2021,2472.66,1038.42
13-08-2022,294.0795,-85.9905
07-05-2023,284.97,39.69
22-12-2024,58.98,12.96
21-08-2023,145.26,47.88
26-01-2021,342.51,54.6
30-01-2023,204.552,-22.728
17-06-2021,265.26,13.26
13-06-2022,44.64,-11.91
27-12-2024,179.5878,-19.9722
15-10-2022,193.05,34.65
29-10-2024,209.655,34.905
13-12-2022,48.492,1.602
14-05-2021,84.12,31.92
04-11-2023,45.0288,-2.5812
05-06-2023,145.05,26.1
17-06-2021,118.92,8.28
17-04-2023,125.4,41.25
30-01-2022,135.351,54.081
17-09-2024,85.464,2.844
20-06-2022,163.05,-146.85
26-04-2023,129.54,19.74
22-10-2024,205.08,36.84
21-06-2023,295.95,144.9
02-08-2022,98.88,21.72
20-11-2024,358.668,-24.012
08-12-2024,94.98,9.48
03-05-2023,39.15,1.89
24-09-2022,126.9,49.2
21-11-2024,103.95,24.93
14-08-2022,223.938,-19.962
23-02-2021,97.83,-29.43
15-06-2022,47.04,17.4
25-12-2023,152.1,30.42
01-12-2021,103.38,40.26
15-09-2021,187.83,33.75
30-03-2021,126.63,17.64
01-10-2022,177.48,81.6
07-03-2023,136.1781,-6.6519
29-04-2024,80.109,15.939
12-07-2023,206.784,-27.576
21-11-2024,96.78,44.46
09-06-2021,136.242,37.782
30-06-2022,112.86,7.26
11-07-2024,43.2,1.2
16-06-2024,96.84,-60.12
05-06-2024,118.2,48.36
29-04-2024,86.265,13.365
18-03-2021,138.3942,35.0142
04-05-2021,41.832,-8.088
14-11-2021,63.948,-9.672
02-12-2024,115.5006,-34.9794
10-10-2024,95.64,14.34
01-10-2024,277.7166,52.8966
19-12-2022,276.9378,-33.3822
26-11-2023,88.26,28.2
13-10-2024,178.56,10.68
20-01-2022,225.747,49.977
02-10-2023,63.072,-36.828
25-08-2024,241.299,2.619
29-10-2024,90.45,40.5
22-01-2023,144.99,12.96
31-05-2024,150.084,-62.856
22-04-2024,67.92,14.94
21-11-2024,150.12,-66.06
28-12-2022,37.476,12.036
02-05-2024,153.738,-13.842
08-11-2023,180.6,81.27
02-10-2024,156.87,39.15
31-12-2023,170.964,-18.996
13-10-2024,340.08,33.96
25-08-2024,63.3456,16.7856
28-12-2022,200.943,4.743
18-06-2023,48.057,-8.703
14-06-2023,103.38,-74.46
06-06-2022,80.22,35.28
14-03-2024,152.604,40.644
16-01-2023,44.037,2.907
20-08-2024,3410.82,136.26
03-09-2022,68.1156,-19.4544
24-07-2022,82.6068,22.6068
15-03-2024,147.258,62.118
30-09-2021,251.73,123.3
05-10-2021,244.728,67.968
27-09-2021,173.34,76.23
30-06-2024,63.504,1.044
16-12-2024,164.016,-95.724
24-10-2024,111.84,41.28
18-01-2022,170.928,5.688
31-08-2021,76.68,0
01-11-2021,131.94,10.53
19-06-2023,179.46,43.02
24-05-2021,111.72,37.92
24-10-2022,234.36,86.64
15-05-2023,221.184,36.864
29-10-2024,177.525,41.325
24-01-2022,231.36,64.68
25-06-2023,132.165,58.665
08-03-2022,141.192,-94.128
18-03-2024,113.82,53.46
10-07-2024,61.56,20.88
25-03-2023,333.78,76.74
15-08-2024,146.9052,-40.2948
05-09-2023,164.025,5.325
26-09-2024,307.557,-34.173
05-11-2022,84.2274,21.8874
02-08-2022,59.8794,1.0794
27-11-2022,129.15,23.22
13-10-2024,62.4,3.12
26-08-2021,65.6352,-26.0748
18-07-2023,93.51,2.79
14-09-2022,87.381,-1.239
02-05-2024,310.5,49.68
15-06-2023,284.25,28.35
02-05-2024,88.128,-7.872
24-11-2024,27.5706,-2.1294
03-05-2022,216.1125,-15.2775
01-10-2024,162.1488,-5.9712
13-02-2023,72.75,5.7
24-06-2024,121.074,37.014
20-10-2022,185.58,59.31
25-08-2024,334.611,3.681
16-04-2022,314.22,-37.74
04-08-2024,62.46,24.3
23-10-2024,279.936,111.816
21-04-2024,500.4,245.16
28-11-2024,90.558,-3.042
29-06-2022,84.8625,-22.0875
31-12-2023,179.9658,19.9458
23-01-2024,203.55,28.35
22-08-2024,169.44,33.84
20-12-2023,110.376,23.256
13-08-2024,344.82,72.24
26-04-2021,61.116,-50.004
23-08-2023,221.94,54.24
26-01-2021,141.7059,51.1659
25-11-2021,213.3,-2.88
18-02-2021,300.42,18
24-06-2021,189.54,-8.46
08-05-2023,33.9,8.79
02-02-2022,244.8,4.8
18-10-2024,152.2584,-86.3016
08-05-2024,93.15,6.21
13-02-2024,195.048,36.828
25-07-2021,89.91,17.91
19-12-2023,151.362,-7.578
28-11-2022,27.6,6.3
25-12-2023,94.68,1.86
17-11-2024,115.6356,40.3956
08-08-2021,143.43,60.06
01-12-2022,336.63,127.89
03-02-2024,289.92,40.56
01-10-2022,211.41,82.44
11-09-2024,301.77,138.81
31-10-2022,146.88,27.36
21-08-2022,106.32,23.28
02-12-2024,118.08,25.92
24-12-2022,58.8,15.84
28-03-2024,138.348,58.338
05-12-2021,98.64,31.56
26-06-2024,252.27,93.33
04-10-2023,100.32,33
09-12-2024,146.9598,8.8398
01-07-2024,248.82,4.92
12-03-2021,285.36,91.2
31-10-2024,235.8528,-25.6272
26-10-2021,161.244,59.004
23-10-2023,68.76,-27.51
11-09-2023,131.58,15.75
18-06-2023,151.92,-48.66
23-03-2023,193.41,85.05
16-04-2022,114.5151,-12.5349
11-09-2023,215.541,7.101
27-11-2024,146.592,7.152
21-03-2021,96.78,44.46
10-04-2022,190.512,65.592
26-08-2024,254.88,40.77
06-09-2022,111.024,19.704
16-04-2022,143.91,63.27
13-10-2024,93.03,46.41
05-05-2024,70.065,20.115
03-12-2022,75.825,-22.815
15-03-2023,56.565,5.565
24-01-2021,139.2,65.28
19-12-2022,154.26,60.12
24-04-2024,224.565,-77.595
25-12-2024,125.685,40.485
30-10-2023,102.9,15.42
21-08-2021,111.7263,16.1463
13-10-2024,32.346,12.906
20-10-2024,229.68,103.32
25-03-2023,107.4,35.4
09-05-2022,119.52,-14.4
23-12-2024,178.2,-115.92
01-05-2023,86.913,-4.887
22-02-2022,106.38,36.54
31-03-2024,110.7,12.12
05-08-2023,143.16,28.62
08-08-2023,55.8885,3.0885
23-08-2022,56.4,26.4
06-03-2022,79.38,14.94
08-08-2023,49.8465,-10.3635
15-09-2021,232.5,18.6
02-12-2024,338.4,97.92
01-05-2023,104.76,41.85
04-12-2024,351.84,147.72
07-11-2024,34.425,13.725
17-01-2022,110.25,7.65
31-05-2022,50.64,24.24
25-06-2022,69.3,16.62
18-01-2022,131.94,21.96
10-06-2024,126.84,46.83
27-10-2021,185.55,79.65
01-11-2021,48.93,-5.91
23-08-2024,227.07,37.83
02-01-2024,139.23,68.22
25-06-2023,154.278,17.118
30-12-2022,342.792,64.692
30-10-2024,74.97,17.91
24-08-2021,61.446,-6.714
10-10-2024,213.12,-490.2
20-09-2024,75.114,11.634
16-07-2024,64.7625,-14.1375
31-10-2024,46.59,11.64
25-09-2021,150.255,25.035
23-06-2021,102.339,30.819
15-03-2023,143.58,10.02
02-11-2022,140.1,5.4
22-08-2024,197.637,-78.573
25-11-2021,183.885,-82.095
10-12-2021,132.51,66.15
21-09-2022,191.241,-17.199
08-05-2023,271.44,130.14
14-02-2021,146.61,61.56
21-03-2021,93.24,29.82
12-09-2024,90.072,11.952
30-06-2024,84.186,-40.734
28-11-2023,239.28,7.14
22-08-2024,128.22,48.72
30-08-2023,239.166,-15.954
18-04-2024,57.06,2.7
23-11-2023,58.752,-2.628
29-10-2022,80.55,-27.45
05-12-2023,99.972,-26.688
02-01-2023,217.32,36.9
17-09-2021,126.54,23.94
11-09-2023,109.32,12
16-04-2022,157.968,57.258
24-10-2022,126,37.68
14-11-2024,168.03,20.16
26-12-2023,118.8,58.2
18-08-2024,201.285,64.845
03-05-2022,62.1,12.42
20-05-2024,84.75,6.75
05-06-2022,105.4011,-55.8789
15-11-2022,115.02,3.45
09-10-2023,410.346,4.536
27-12-2024,185.0688,-102.8712
17-02-2024,46.512,9.192
31-10-2024,42.675,-13.725
05-11-2023,114.78,19.5
29-07-2023,128.5515,-53.3985
03-06-2024,38.88,-3.12
10-10-2023,135.9333,14.8833
25-09-2024,77.1,33.12
30-12-2022,136.89,-1.53
11-07-2024,219.78,59.34
08-12-2024,101.76,31.44
15-06-2022,101.412,2.172
15-09-2021,254.07,8.37
18-10-2021,241.6446,69.5046
30-07-2022,118.2,-115.86
01-10-2024,147.987,65.637
12-12-2022,412.02,206.01
07-02-2021,252.0378,6.0378
24-08-2022,65.5557,-54.5643
06-12-2023,111.72,21.21
23-04-2024,96.552,-25.788
03-03-2024,46.5,9.3
05-02-2023,206.388,-13.812
27-02-2023,85.5414,11.6814
12-01-2022,187.515,-17.505
26-12-2023,103.584,29.904
18-09-2022,109.65,25.2
02-07-2024,139.77,29.34
01-02-2021,40.68,11.79
27-08-2022,124.338,-63.462
15-10-2024,325.92,78.12
31-10-2024,59.4,7.11
16-06-2022,124.32,54.66
06-08-2022,69.516,-10.464
26-08-2024,75.492,9.162
06-06-2023,66.744,20.754
26-09-2021,32.85,13.41
11-09-2024,141.9,4.2
11-06-2022,77.526,-10.674
25-06-2022,38.88,12.42
14-12-2022,154.7784,31.6584
07-07-2022,178.74,14.22
01-12-2021,102.33,51.03
16-03-2022,91.134,-1.146
08-12-2021,123.8664,33.8664
10-10-2023,276.2613,-109.6287
16-05-2023,81.408,-33.792
30-08-2024,156.1032,-29.9568
30-04-2023,165.888,58.968
06-12-2023,73.92,29.52
22-08-2024,121.6116,16.0416
06-08-2023,200.04,78
24-07-2022,52.0566,-11.8434
22-10-2021,68.985,23.625
09-05-2024,169.44,33.84
06-08-2024,1113.264,-705.096
09-11-2022,109.62,36.12
22-11-2023,95.64,17.16
23-05-2024,136.5,-90.09
08-03-2021,124.146,39.996
27-05-2024,78.246,-44.424
23-02-2024,34.101,-3.789
25-01-2024,144.9,72.42
15-03-2024,128.9025,30.2625
07-06-2023,163.3275,1.8375
28-10-2023,177.75,30.15
23-09-2023,61.86,16.68
28-09-2022,145.719,27.459
15-11-2022,54.513,1.773
10-10-2023,140.436,11.796
04-03-2023,291.78,37.92
12-02-2024,186.786,8.286
01-02-2023,201.123,75.933
23-10-2022,145.2168,-3.5532
30-12-2023,120.96,-10.92
18-09-2023,157.8,12.6
09-12-2023,103.68,47.64
09-09-2023,125.82,36.45
31-05-2021,138.69,51.3
07-07-2021,186.462,-59.058
11-09-2024,96.42,31.8
25-09-2022,104.625,11.625
29-07-2023,318.2544,-114.1056
27-09-2021,78.246,-3.534
18-08-2021,60.696,-9.144
22-11-2022,296.73,52.71
20-03-2024,115.5,49.62
12-12-2021,85.905,17.565
12-05-2022,57.84,16.17
16-05-2024,85.995,16.065
04-07-2024,34.2,0.27
31-01-2021,163.98,18
10-12-2023,83.862,-26.568
16-06-2024,57.825,-8.145
03-11-2021,174.5184,-95.5416
21-09-2023,114.912,11.472
17-10-2022,158.571,-17.619
05-04-2022,130.815,-7.335
20-12-2023,145.044,54.684
27-02-2023,204.66,27.21
27-12-2023,141.57,49.5
24-06-2022,100.95,13.05
04-11-2024,95.22,16.14
12-03-2022,115.83,-3.87
02-10-2022,122.985,1.335
03-11-2021,168.6825,-2.4975
19-05-2024,154.08,-86.4
07-10-2023,175.77,64.98
13-08-2024,138.69,51.3
09-09-2024,50.46,22.68
14-11-2021,138.6,33.24
23-01-2023,39.825,0.825
05-09-2024,116.8425,-14.1075
08-05-2024,1371.42,137.07
29-01-2024,82.386,8.226
14-07-2024,95.904,-3.216
31-12-2023,143.37,50.16
26-11-2024,99.84,35.94
07-06-2021,85.32,-27.18
14-09-2021,77.16,30.84
07-12-2022,130.59,1.26
07-01-2024,116.1675,35.6175
22-12-2021,145.65,-122.4
20-01-2024,63.18,6.3
04-11-2024,105.312,38.172
04-12-2024,132.3,10.44
16-10-2021,94.2,24.48
04-12-2024,77.52,20.88
06-12-2021,115.68,30
01-06-2021,58.104,6.744
25-06-2021,108.2736,-7.4664
24-06-2024,33.66,5.7
20-11-2024,116.88,38.52
06-09-2023,78.57,13.02
18-08-2024,178.2,21.33
03-12-2021,74.0781,-30.7719
01-08-2021,52.47,11.52
17-08-2022,130.23,32.49
11-11-2023,111.9525,-12.2475
03-01-2024,157.41,34.56
18-06-2023,162.3228,-2.2572
04-09-2023,251.01,122.94
30-12-2024,247.59,39.6
26-12-2024,302.2908,-131.3592
13-11-2022,123.24,46.8
23-05-2022,166.92,4.98
09-11-2023,66.9,29.4
09-08-2024,87.96,7.02
05-06-2023,144.72,24.6
30-12-2023,283.662,6.282
21-07-2024,76.7169,27.6669
11-07-2024,72,4.32
02-09-2024,155.88,21.78
15-12-2024,112.08,4.32
09-04-2024,75.708,23.508
10-02-2024,173.556,44.316
13-02-2024,109.9485,-18.7515
08-06-2023,62.925,-50.355
23-01-2024,253.95,76.05
22-03-2022,114.84,51.66
21-10-2021,160.38,60.48
03-01-2024,87.9,21.96
14-06-2024,108,31.68
25-03-2023,158.4,58.5
20-05-2024,137.58,28.86
12-04-2023,100.404,-25.116
28-11-2023,125.73,47.76
25-08-2024,91.962,1.002
10-04-2023,287.9436,38.1036
06-11-2024,51.111,2.781
05-11-2021,121.275,-63.105
15-02-2024,118.935,26.385
09-01-2024,37.38,1.08
01-07-2023,178.32,76.56
04-09-2024,119.25,21.42
30-09-2023,168.3,79.08
03-01-2021,159.444,-95.676
07-11-2021,53.16,26.52
16-01-2022,67.8,17.58
07-02-2023,142.2,29.7
26-11-2022,122.94,50.4
15-09-2022,111.3,18.9
26-05-2024,74.655,-3.345
26-08-2024,74.565,-26.865
01-08-2021,253.3635,-35.0865
24-07-2024,56.448,-23.532
10-02-2024,123.6534,-1.5066
06-10-2024,64.233,15.633
07-11-2024,31.0365,-20.8935
11-11-2024,136.5,15
15-11-2023,64.2765,7.8765
01-05-2022,170.88,1.68
10-02-2023,106.1055,23.2155
10-05-2022,70.08,25.2
13-07-2023,100.8,6
24-01-2021,110.808,8.568
29-08-2021,260.88,12.96
11-10-2023,102.1149,-12.3051
02-11-2022,343.77,120.12
18-06-2024,135.594,-6.066
08-08-2024,87.42,32.34
19-02-2021,118.35,36.63
02-08-2022,120.096,-1.344
04-11-2024,137.088,-8.592
16-12-2024,94.788,-41.112
05-09-2022,74.52,10.35
12-01-2022,126.9135,28.3635
21-05-2024,116.55,31.29
28-05-2023,63.18,-6.36
05-07-2024,95.49,39.15
08-03-2021,143.316,-12.804
06-09-2023,289.26,95.4
23-11-2022,73.3785,-31.9215
12-09-2024,100.116,42.066
27-11-2024,189.432,-22.248
05-08-2024,127.17,32.49
26-11-2023,101.412,20.232
11-01-2022,142.68,45.6
05-03-2023,37.395,4.095
19-10-2023,51.48,14.4
25-10-2022,68.4,7.5
01-01-2021,120.366,36.036
13-06-2022,60.8334,-3.4866
20-09-2023,201.447,26.847
13-02-2022,39.816,-19.944
21-05-2024,82.89,36.45
08-11-2022,125.793,20.943
22-08-2024,322.1271,-4.4829
19-12-2023,115.56,12.6
13-08-2024,76.32,23.58
22-07-2023,58.4073,12.7773
31-12-2023,115.44,-106.26
23-12-2023,244.08,0
18-08-2021,161.94,74.46
12-09-2022,80.01,34.38
24-11-2022,51.408,9.048
25-09-2022,103.3461,14.1561
30-09-2024,65.124,15.804
13-03-2024,83.88,30.96
27-08-2022,87.534,1.914
30-09-2021,144.27,54.81
09-05-2023,90.936,16.116
07-06-2021,69.3,3.42
13-09-2023,70.875,15.675
31-08-2022,66.75,-1.35
16-02-2022,150.66,9
15-10-2024,322.1271,-4.4829
08-03-2021,316.764,13.944
09-12-2023,155.25,24.84
27-09-2023,159.4098,-27.0402
09-11-2021,42.1191,-11.9709
06-07-2021,180.396,-90.204
11-09-2023,41.58,9.66
25-07-2021,48.804,1.704
26-11-2022,123.72,39.54
11-09-2024,46.9974,-14.2026
13-12-2021,254.6772,-30.8028
25-09-2024,96.66,3.78
28-12-2023,80.865,-50.175
24-07-2024,61.92,-29.94
22-06-2023,51.63,19.59
06-05-2024,162.84,63.48
20-02-2023,124.092,-11.058
18-04-2024,40.68,12.96
11-08-2022,26.22,5.22
05-08-2023,100.92,45.36
29-11-2022,71.172,11.772
04-06-2024,136.242,-6.138
03-11-2024,184.8,73.8
12-07-2022,58.2,4.56
09-08-2022,54.72,6
15-11-2022,109.665,-30.735
28-07-2021,49.0779,-5.3721
10-05-2024,127.584,-23.496
21-09-2022,52.218,6.378
25-10-2022,102.69,38.85
12-03-2024,91.2024,-53.3976
01-10-2024,116.388,-103.212
15-10-2022,126.75,18.9
02-04-2021,149.58,55.08
25-12-2022,83.439,-17.181
02-09-2021,52.8,19.5
12-12-2024,47.52,23.28
13-06-2022,74.094,-36.456
12-03-2021,93.96,30.96
27-08-2024,455.49,86.49
30-12-2024,49.3515,-4.5585
22-08-2024,89.16,32.94
15-02-2024,76.896,-7.704
03-12-2024,55.35,22.65
10-02-2024,185.598,-2.982
02-05-2023,49.59,17.28
07-07-2024,368.55,4.05
15-10-2022,100.2,33.96
29-04-2024,106.542,46.122
19-11-2023,148.41,34.11
14-08-2023,157.32,66
29-08-2024,136.14,13.56
18-06-2024,122.148,-13.572
07-03-2024,169.65,39
11-11-2023,103.92,14.52
21-11-2022,44.55,-5.4
06-06-2022,69.3399,-57.7101
08-10-2024,172.206,9.546
28-11-2021,147.69,67.86
23-10-2023,108.24,34.56
21-03-2021,103.302,38.982
21-12-2023,47.385,-2.115
08-10-2024,37.92,2.22
25-07-2023,142.74,39.96
14-08-2023,45.7662,7.6962
23-12-2021,87.582,-68.538
06-11-2024,129.276,6.966
25-05-2023,52.272,10.992
19-07-2022,53.622,16.632
17-12-2023,76.923,-18.207
05-08-2024,123.8526,7.4526
10-09-2022,51.624,14.904
21-05-2024,39.3324,8.0724
04-02-2022,104.463,-88.737
30-08-2021,63.27,31.59
08-08-2024,62.64,19.35
09-10-2023,139.125,-89.145
27-02-2023,166.131,36.771
22-08-2024,56.85,10.8
15-06-2022,32.4,11.97
28-06-2023,79.74,39.78
24-01-2024,54.6,18.45
22-10-2022,62.568,-36.432
28-11-2024,80.676,3.876
08-06-2022,114.225,-20.625
16-08-2023,48.96,-4.68
24-06-2021,116.883,27.243
22-02-2022,131.22,27.57
08-11-2023,142.02,2.79
05-04-2022,109.296,33.996
09-11-2022,144.42,18.75
06-10-2021,88.404,-63.396
25-06-2021,58.9632,6.3732
26-12-2022,107.46,18.24
23-09-2023,225.99,-10.11
04-05-2023,139.14,15.3
25-10-2024,62.58,14.28
21-02-2021,93.33,-7.47
10-01-2024,222.282,-176.268
07-03-2023,75.5988,4.1388
04-11-2024,73.656,11.016
04-01-2022,47.1753,-20.5047
18-06-2024,175.4703,35.8803
07-08-2024,140.67,-36.63
08-05-2023,63.84,12.12
16-11-2022,76.68,-20.52
01-05-2023,117,22.2
04-09-2024,134.73,59.85
05-12-2024,91.692,11.052
05-08-2023,78.66,33
14-02-2023,40.095,-3.255
13-11-2022,73.425,-0.075
18-12-2024,69.84,2.04
25-06-2021,84.3972,-71.7228
02-04-2024,32.508,-21.132
10-06-2023,58.752,18.912
14-06-2021,111.375,-42.525
26-01-2022,266.04,21.24
10-07-2024,84.84,39.84
31-01-2022,215.541,7.101
26-12-2023,136.2,23.04
02-09-2021,131.76,0
28-10-2023,94.65,42.45
22-08-2023,130.284,-85.476
30-11-2023,73.8,10.2
08-01-2023,184.464,77.784
13-01-2022,52.776,-15.024
25-06-2022,249.9,72.45
07-05-2023,71.199,-6.561
20-05-2024,60.3,1.8
27-06-2024,147.78,-73.92
18-12-2023,68.796,-41.304
07-11-2023,43.8,11.28
22-09-2021,642.78,25.71
13-11-2024,101.61,6.75
25-09-2024,99.12,27.72
26-11-2024,146.79,64.53
03-05-2023,131.223,-25.377
17-01-2022,68.67,7.47
26-02-2024,123.9405,-84.2595
01-11-2022,53.55,6.3
21-09-2021,67.35,4.65
18-09-2024,177.3,40.05
09-06-2024,59.994,-3.366
26-12-2023,121.9848,-29.9352
12-10-2021,90.504,3.984
28-03-2021,188.76,69.84
25-09-2022,249.7257,51.2757
06-06-2021,50.868,13.518
03-12-2022,131.7708,38.0808
11-11-2023,120.816,-38.304
05-09-2021,876.231,-137.349
08-12-2024,109.38,14.16
27-01-2022,101.88,31.5
09-09-2023,22.05,7.92
26-09-2023,46.17,14.82
29-10-2024,127.413,38.223
25-06-2024,60.9765,-51.8235
13-03-2024,35.478,13.338
19-09-2022,52.86,-6.42
16-06-2024,78.66,33
12-02-2023,103.2,14.4
12-11-2024,51.66,17.52
25-01-2024,76.62,0.72
28-05-2024,38.7693,8.3493
18-06-2024,103.599,2.259
10-05-2023,87.912,-38.148
06-09-2021,149.34,2.97
08-05-2024,101.952,-17.028
18-10-2023,151.2,33.12
13-03-2024,45.36,6.24
05-09-2021,71.94,10.74
11-11-2023,81.0975,-33.9525
01-06-2023,79.884,-31.956
12-12-2021,278.424,24.744
02-09-2023,73.2336,-8.0664
01-10-2022,52.947,-9.003
05-08-2021,90.84,25.38
09-05-2023,109.8,17.52
19-08-2024,386.856,29.976
22-07-2023,113.7,11.34
24-01-2024,56.52,5.58
26-11-2022,146.7,21.96
23-03-2021,48.4632,-25.6368
07-04-2024,101.04,43.44
11-12-2024,21.9,6.3
01-08-2023,109.95,25.2
25-12-2024,97.86,48.93
02-11-2021,227.82,0
18-06-2024,101.52,26.97
09-10-2024,45.4176,-1.1424
30-01-2023,187.0239,-27.1761
29-06-2021,250.2732,-24.0468
05-10-2022,81.7218,28.5018
25-09-2024,94.05,33.84
05-06-2022,196.7715,-21.6285
14-06-2021,137.565,-34.875
07-12-2022,46.26,11.07
04-12-2023,112.8,46.08
03-01-2021,69.3,3.42
11-09-2024,54.75,22.35
25-11-2021,73.872,5.712
29-09-2024,108.7881,14.4081
13-02-2022,69.786,-22.104
14-10-2023,107.784,-2.616
18-05-2022,100.38,50.19
10-01-2023,191.808,-19.332
06-06-2021,82.98,-33.24
03-10-2022,103.2,44.34
31-10-2022,85.752,21.912
27-02-2023,130.896,56.646
03-09-2023,80.0415,-39.2985
26-04-2023,137.16,31.53
09-05-2024,56.9214,20.5614
07-06-2022,50.16,17.04
14-08-2023,119.3772,-24.8028
14-08-2023,141.15,57.75
06-05-2024,69.0945,-11.4555
24-04-2024,110.646,38.106
23-02-2022,317.4003,45.8703
20-03-2023,37.7982,3.1482
12-06-2023,85.14,39.96
06-02-2022,156.744,-195.936
26-06-2023,113.04,49.68
16-04-2022,62.9004,-27.3396
10-02-2023,96.2505,-2.6595
25-09-2023,53.7,17.7
19-12-2024,134.46,52.26
08-10-2024,114.84,22.86
10-06-2021,75.24,6
19-06-2023,158.4198,2.4798
07-12-2022,102.9,49.35
24-06-2021,95.688,20.148
01-05-2024,140.76,28.08
08-05-2023,39,9.36
27-03-2024,139.23,5.49
15-09-2022,68.64,8.16
05-09-2024,149.445,-41.895
10-01-2023,29.01,6.09
06-08-2022,82.044,-32.676
25-06-2024,248.22,96.78
25-12-2021,70.92,1.08
11-06-2022,44.52,7.56
15-09-2022,110.7,12.12
26-12-2021,99.6135,-32.0865
11-09-2023,163.8,24.57
03-01-2021,68.868,-26.412
14-11-2022,44.28,12.36
22-05-2022,213.705,-0.045
21-04-2024,113.46,28.32
06-09-2022,65.934,2.904
25-11-2024,87.966,23.406
23-12-2021,166.14,46.5
26-02-2024,53.97,-28.14
10-02-2022,47.412,19.452
25-07-2023,112.8,38.25
11-07-2022,77.535,14.415
03-12-2024,43.98,3.51
12-05-2021,143.046,34.866
22-10-2023,70.308,-3.552
19-10-2022,213.12,95.88
11-11-2023,56.304,-18.816
20-08-2024,125.8485,-87.9015
20-09-2021,100.38,43.14
20-08-2024,60.2928,-38.7072
05-08-2024,174.7728,-46.2672
07-12-2022,44.46,10.62
02-01-2024,58.5,11.07
28-03-2023,50.6892,-32.5908
10-03-2024,46.9368,-16.9032
05-12-2024,121.8,7.2
23-06-2024,67.89,-8.43
17-09-2021,55.14,17.07
24-08-2022,88.47,37.98
22-10-2023,78.354,-50.976
02-04-2021,111.84,23.4
04-09-2023,29.565,-23.895
07-05-2024,88.254,-20.616
13-12-2021,47.52,12.12
03-12-2022,137.0262,-46.5438
11-07-2021,54.1824,14.3424
25-12-2024,80.2314,-62.1486
09-01-2021,123.753,32.793
20-11-2024,56.16,23.52
27-12-2021,79.5804,11.4204
07-06-2023,116.391,-84.669
10-05-2022,36.72,6.57
10-05-2024,63.24,0.6
12-02-2023,100.92,45.36
11-11-2023,201.3165,2.4165
09-04-2023,52.56,18.9
14-06-2024,84.78,35.55
28-07-2021,42.6786,11.2986
13-09-2022,54.54,18.18
07-04-2024,82.2,10.65
23-08-2022,65.55,7.8
20-12-2023,65.6613,10.2213
14-02-2024,123.12,20.88
14-04-2021,55.92,20.64
04-01-2022,28.779,-7.071
07-12-2023,119.1,0
18-06-2024,96.39,41.58
15-06-2022,26.94,11.31
22-07-2023,109.9485,-18.7515
25-08-2021,143.7678,-70.6122
18-11-2024,84.078,23.238
23-03-2023,136.38,55.89
28-03-2023,33.9465,-15.4035
28-12-2022,123.504,20.784
09-12-2023,141.75,69.45
04-11-2021,65.5875,-32.2425
10-08-2022,54.4416,-33.9384
07-06-2022,80.3772,1.8972
25-05-2022,60.156,11.316
29-06-2022,78.84,1.56
20-10-2021,142.992,-95.328
19-12-2023,144,8.64
23-06-2024,72.708,15.708
03-01-2021,135.1182,-45.9018
24-10-2024,65.55,28.8
31-07-2022,60.654,-15.486
06-08-2024,67.92,14.16
25-11-2023,61.47,16.56
16-05-2023,99.828,-344.412
06-03-2022,32.64,1.95
22-11-2024,87.36,7.77
31-10-2022,427.59,128.25
12-11-2022,150.606,65.226
14-06-2024,125.235,-3.345
24-02-2022,162.06,66.42
15-08-2021,32.736,-9.024
17-10-2023,54,5.4
29-12-2024,294.3,135.36
22-05-2022,133.785,11.865
11-10-2023,177.3,86.76
10-05-2024,101.016,-33.744
08-10-2024,88.02,33.3
22-03-2021,118.665,-6.735
14-08-2022,106.08,40.26
10-04-2023,85.05,19.8
25-09-2024,73.08,4.32
04-03-2024,88.47,37.98
26-12-2021,48,2.88
28-10-2023,74.22,31.86
29-10-2022,102.15,17.28
05-10-2021,77.04,16.92
23-09-2023,125.064,34.704
21-04-2022,61.02,23.76
17-06-2024,52.866,23.466
01-12-2021,75.72,37.8
03-08-2022,43.254,17.274
19-05-2022,50.796,11.496
07-08-2022,76.8924,-52.3476
21-10-2024,71.82,24.36
17-10-2021,125.496,21.096
23-11-2023,38.772,12.492
23-03-2021,44.1228,17.4828
22-07-2023,70.467,-1.833
13-11-2022,60.588,-10.152
12-05-2021,258,110.85
19-06-2024,69.2286,-51.1014
01-10-2024,52.8,10.5
06-09-2023,75.69,4.5
16-09-2024,66.87,28.71
03-12-2021,40.587,-1.473
11-06-2024,54.18,24.36
06-06-2023,99.495,-11.055
30-11-2022,155.7,13.95
01-07-2024,119.43,2.34
30-08-2023,79.11,23.67
15-02-2024,80.433,-8.937
21-08-2024,57.753,10.863
03-05-2023,181.8945,52.5645
26-08-2024,68.79,-39.93
20-09-2023,67.662,23.142
31-12-2023,171.36,-17.16
29-08-2021,63.792,-11.748
09-08-2024,117.1545,43.6545
03-06-2024,227.28,45.36
23-09-2021,207.36,4.14
19-07-2024,74.91,-70.44
17-05-2022,47.952,4.032
21-11-2022,108.96,36.96
20-02-2023,37.08,17.73
24-07-2024,67.92,14.94
13-06-2022,114.21,41.85
12-06-2024,95.28,31.44
27-12-2021,226.8,0
03-10-2022,123.72,33.36
06-02-2022,155.22,27.69
03-08-2021,160.992,-26.208
18-02-2021,81.54,24.39
01-08-2024,19.71,4.11
16-12-2021,110.0757,-47.8443
18-08-2024,155.007,34.437
16-12-2023,44.22,0
02-08-2022,154.278,17.118
01-08-2021,102.762,1.842
20-03-2023,61.0791,18.3891
17-07-2024,56.052,5.592
15-03-2021,66.45,33.15
27-03-2024,81.9,33.54
14-03-2021,37.68,12.78
08-05-2023,81.9,21.96
07-02-2023,182.76,74.88
20-08-2024,86.496,-66.954
19-04-2021,94.284,15.624
21-02-2022,75.75,23.4
11-06-2024,49.104,-4.956
13-02-2024,124.092,-2.808
07-12-2022,96,0.96
03-01-2024,216.27,28.62
26-09-2023,103.275,43.605
07-08-2023,97.2345,25.7445
10-06-2021,59.22,5.28
21-11-2022,130.32,22.14
04-05-2021,55.6017,0.6417
14-04-2022,99.21,-69.45
20-09-2021,58.6044,18.4044
31-10-2021,140.22,42.03
06-08-2023,90.9,28.08
22-06-2022,50.94,17.28
11-09-2023,70.95,17.7
27-07-2021,121.2534,-73.2666
22-01-2024,171.99,6.84
03-10-2021,82.161,12.771
02-08-2021,143.1,9.96
09-05-2022,104.166,10.386
04-10-2023,56.214,10.614
26-02-2021,59.25,10.05
09-05-2024,98.85,42.48
12-12-2024,80.2314,-18.2286
02-08-2023,113.0697,16.9497
07-08-2024,35.892,-0.618
20-02-2022,75.6,3.72
19-01-2022,142.2,32.58
09-10-2024,27.6888,-2.6712
03-04-2024,71.28,1.92
06-09-2024,71.73,9.27
01-07-2023,52.86,12.12
16-01-2022,168.18,58.86
02-11-2022,47.88,9.09
29-11-2022,40.905,9.495
28-12-2021,25.23,9.33
17-08-2021,37.17,-34.23
29-09-2021,66.45,33.15
01-03-2023,53.64,-9.84
18-10-2023,49.5,-3.6
11-08-2022,60.39,6.03
27-11-2024,88.2,6.96
07-08-2024,28.512,0.432
11-07-2021,61.281,-25.659
07-02-2023,169.38,81.18
29-08-2024,127.47,36.96
16-10-2021,47.82,6.18
09-06-2024,77.04,0
29-01-2024,62.316,-24.984
26-08-2024,39.6,12.6
09-04-2024,59.913,3.993
26-05-2022,65.0628,-16.0272
02-09-2021,105.6,52.8
24-06-2021,85.455,10.305
02-08-2022,81.324,4.464
03-08-2022,88.209,35.199
06-06-2024,239.3139,89.3739
28-03-2023,26.8173,3.5073
24-06-2024,71.37,27.09
06-09-2022,51.948,16.068
27-06-2023,110.3103,-22.7097
27-09-2021,224.01,-215.1
14-09-2022,74.28,16.32
25-06-2022,31.623,5.973
31-10-2024,65.025,-9.225
13-04-2021,108.405,-38.655
02-11-2022,94.65,14.1
06-11-2024,78.003,0.783
07-11-2023,38.2077,-0.7623
21-04-2024,271.44,0
20-02-2023,41.19,19.77
15-11-2022,24.402,3.822
01-04-2023,130.2528,-12.3072
17-11-2024,154.8,17.01
23-05-2024,20.46,1.02
26-04-2023,33.96,5.04
25-02-2024,155.34,15.48
27-11-2022,86.88,14.76
21-05-2023,68.04,3.24
23-10-2022,84.75,7.62
07-12-2021,87.3,2.55
19-06-2024,27.4125,-1.3875
11-01-2024,67.032,-32.448
05-07-2021,56.61,6.51
02-06-2024,98.172,3.132
27-03-2023,63.36,31.68
25-07-2022,42.3,19.35
25-12-2023,50.94,17.28
21-11-2022,57.96,-28.98
14-11-2024,71.28,35.64
18-10-2021,175.56,-28.59
28-09-2022,69,19.32
17-05-2022,41.553,-4.617
27-03-2024,58.35,23.25
05-09-2021,118.2,48.36
04-07-2021,44.9295,-4.2105
10-09-2021,65.0628,-14.7372
03-04-2022,34.722,11.562
17-11-2024,125.6454,42.3054
11-09-2022,155.52,71.46
09-07-2022,75.519,32.709
23-03-2022,89.676,-2.994
26-03-2023,59.22,27.09
08-11-2023,176.61,5.25
22-09-2022,34.14,11.58
18-04-2024,125.4045,-25.1055
09-04-2024,47.466,-2.694
10-04-2023,98.8344,-67.2456
03-06-2023,17.712,-0.408
30-08-2023,148.5,20.79
18-08-2021,70.308,13.188
27-01-2024,84,-35.28
18-08-2024,79.92,5.58
19-11-2023,52.2315,-17.9685
30-01-2023,138.348,58.338
05-04-2022,88.128,-5.892
16-08-2021,69.15,26.25
16-01-2022,184.32,77.4
13-10-2024,36,3.6
04-11-2024,57.708,-1.932
06-04-2023,126.9675,-60.0825
07-07-2024,50.22,3
17-12-2021,196.98,84.69
30-04-2023,88.398,24.498
08-05-2023,29.799,-4.401
16-12-2021,69.8328,-51.3972
02-09-2021,80.64,12.06
17-04-2023,62.64,19.35
19-10-2021,99,13.86
22-01-2024,31.08,9
28-03-2023,31.3866,-22.5534
05-11-2021,53.655,2.205
26-04-2022,111.06,27.72
27-08-2021,66.906,14.076
01-11-2021,47.1,15.54
11-11-2024,60.021,23.301
23-03-2023,100.92,8.04
04-08-2021,141.474,30.954
06-05-2024,28.1112,-13.8888
01-03-2024,87.84,20.16
22-10-2024,77.4,34.83
06-06-2023,23.436,9.876
08-05-2023,26.5815,-16.4385
11-08-2021,56.85,28.35
04-07-2021,29.238,-8.532
04-06-2022,46.44,6.48
15-09-2022,54.54,26.16
06-12-2021,37.26,8.91
28-11-2024,49.248,11.928
23-06-2024,22.0365,-1.3635
06-09-2023,169.992,-15.288
11-08-2024,102.72,3.06
23-10-2022,26.874,1.314
05-04-2023,86.94,0
04-06-2024,69.174,17.514
25-10-2023,54.1326,3.9126
17-12-2023,61.86,16.68
24-10-2022,19.152,-2.568
22-10-2024,87,40.8
27-12-2024,207.33,-29.07
12-11-2021,30.456,-0.624
24-11-2024,131.7708,38.0808
25-06-2023,71.442,2.352
09-07-2024,48.5523,-0.0477
09-09-2024,26.88,12
30-08-2023,131.382,-10.278
29-09-2024,68.76,26.1
25-03-2023,115.86,35.88
05-08-2023,150.1278,-82.1922
14-06-2021,123.9975,-67.7025
18-11-2024,70.83,1.35
18-06-2024,72.9,0
19-07-2022,36.855,16.335
16-11-2023,48.45,0
31-08-2022,73.47,-1.47
12-06-2024,40.14,17.64
18-06-2024,75.519,32.709
04-03-2024,42.255,1.665
13-12-2024,123.21,49.23
30-05-2021,31.788,-14.892
25-04-2023,91.62,39.33
15-08-2021,466.128,100.368
07-04-2024,106.02,9.54
09-07-2024,32.34,-10.62
06-10-2021,43.08,12
16-12-2024,30.348,-4.572
25-12-2022,136.26,64.02
07-08-2024,77.1,33.12
29-04-2022,44.52,15.96
03-05-2023,71.55,29.97
08-11-2023,35.52,0.33
25-08-2021,127.6989,-5.4411
16-11-2022,60.102,-18.198
16-04-2024,93.744,14.574
12-10-2021,71.928,22.368
08-01-2023,47.25,13.11
20-03-2024,95.16,26.64
10-08-2023,37.827,12.537
26-04-2023,107.325,9.495
19-08-2024,54.36,20.07
28-03-2024,72.54,7.92
22-01-2023,59.34,16.56
06-12-2023,48.42,9.18
02-12-2024,55.242,15.342
18-03-2024,39.123,-0.027
17-04-2024,125.34,56.4
28-09-2022,115.506,29.496
06-12-2023,36,-31.05
27-02-2023,69.336,9.216
08-10-2021,75.78,30.24
10-06-2024,134.19,25.38
12-06-2023,61.1667,10.0467
07-06-2023,55.572,-19.248
20-02-2022,94.932,-4.788
10-10-2021,246.3,51.6
17-10-2024,92.205,32.655
17-08-2022,82.65,28.8
07-08-2023,115.71,40.32
24-10-2021,46.44,11.61
06-09-2023,141.66,2.7
22-02-2022,209.952,11.592
10-08-2022,20.7,3.06
15-09-2024,47.25,11.31
29-11-2024,43.605,19.305
26-02-2024,47.5728,-15.3072
06-09-2023,105.18,44.16
17-02-2024,31.845,-22.005
01-06-2022,48.09,-4.83
06-10-2024,72,4.32
06-05-2024,93.48,28.02
04-11-2024,115.5,49.62
09-06-2023,114.048,50.688
28-02-2022,60.48,15.33
02-05-2023,132.5178,-6.4422
12-02-2024,60.1656,-45.4344
18-01-2024,116.97,4.62
21-04-2022,200.25,94.05
07-07-2022,82.23,18.09
24-05-2024,16.0605,5.8605
06-01-2021,50.1984,6.0084
26-05-2022,90.42,18.96
06-08-2024,45.72,6.39
12-02-2023,79.62,1.56
30-05-2021,29.322,-6.408
26-08-2024,51.921,-0.639
11-09-2023,85.5414,11.6814
17-07-2024,148.104,-29.676
04-06-2022,47.52,19.44
27-10-2022,36.1566,1.9566
23-03-2022,31.5,-2.64
05-11-2024,70.128,-8.232
10-06-2021,50.94,10.62
06-07-2021,90.96,19.98
23-09-2021,80.22,38.43
15-10-2024,64.656,-29.124
04-03-2023,101.283,-42.147
15-03-2021,47.586,-13.944
18-10-2023,34.11,16.65
21-03-2024,77.1756,-5.3844
09-05-2022,68.4,1.26
30-05-2023,52.353,5.733
25-09-2024,94.2,41.4
10-05-2023,39.096,-8.544
23-05-2022,63.474,-244.386
04-09-2024,84.18,37.86
22-06-2023,73.35,2.19
05-10-2024,131.382,-10.278
27-10-2021,94.02,24.42
17-01-2024,76.86,17.64
11-11-2023,40.23,20.07
15-05-2023,47.4,-24.66
10-02-2024,74.25,-5.85
03-12-2024,91.53,-2.07
20-11-2023,148.878,3.258
25-08-2022,43.2,-1.92
30-11-2023,76.68,0
25-09-2023,47.142,8.862
21-10-2021,80.595,15.165
06-02-2023,98.46,45.24
19-05-2022,37.842,-13.608
17-08-2022,168.03,20.16
26-12-2023,36.0801,-4.8099
25-12-2024,78.66,33
21-10-2024,56.79,28.35
07-02-2021,66.96,7.92
24-06-2023,219.78,9.63
17-10-2023,64.152,22.032
09-08-2022,70.35,18.9
05-12-2024,108.216,-12.024
22-06-2022,120.9,7.23
21-08-2023,45.432,3.672
17-08-2021,39.78,-21.6
16-01-2024,145.98,7.29
30-03-2021,62.073,-41.787
17-06-2024,51.84,16.56
18-02-2024,27.2745,-5.0355
13-02-2024,53.037,-10.863
14-12-2024,106.596,30.756
11-04-2024,88.101,28.371
15-11-2022,33.372,7.002
15-06-2021,26.4,4.44
30-03-2024,39.9,9.87
05-03-2023,24.3,8.91
20-01-2024,42.636,-14.004
23-12-2024,57.384,-21.096
17-01-2024,87.21,43.47
30-10-2022,55.278,20.628
26-05-2024,29.97,5.97
06-07-2021,90.018,-1.512
28-06-2022,44.82,3.72
25-02-2022,23.82,8.52
01-06-2023,46.26,11.07
08-08-2024,46.71,19.53
17-12-2024,49.8465,-10.3635
19-12-2021,18.954,-1.746
12-11-2024,84.5778,4.5978
23-02-2022,79.68,-9.6
01-05-2023,80.1,11.1
12-12-2024,62.25,-0.75
26-06-2024,78,24.12
26-10-2022,59.7102,-1.4898
22-09-2024,100.6524,-26.2476
06-10-2024,46.68,18.6
20-10-2024,96.8112,-2.3688
16-11-2024,29.835,-0.465
07-04-2024,154.08,0
10-01-2021,25.92,5.4
03-05-2021,49.32,6.39
07-09-2022,45.981,0.501
31-01-2021,121.92,32.88
18-06-2024,143.736,-13.614
31-05-2023,23.16,4.08
29-10-2024,126.279,1.359
01-12-2022,108.7881,14.4081
18-12-2022,103.194,-6.906
15-11-2022,47.04,-12.24
13-08-2022,117.7872,-104.4528
07-11-2024,57.6,8.64
10-06-2023,125.793,20.943
25-02-2022,40.95,13.5
22-10-2024,78.048,26.328
23-08-2024,76.059,1.629
06-04-2022,53.136,2.256
05-01-2021,48.78,22.92
27-11-2024,49.68,6.93
28-11-2024,75.15,25.47
14-11-2021,57.2949,-10.3851
07-08-2022,105.12,44.04
04-09-2024,92.16,27.63
02-05-2024,73.4052,22.1052
12-06-2023,45.4104,-24.9396
20-10-2022,82.2,10.65
28-11-2024,422.5032,132.3432
26-11-2023,37.08,1.8
11-07-2023,70.4529,-36.0171
30-10-2022,74.4756,-8.4444
26-12-2024,33.372,-17.388
01-09-2022,203.88,24.36
22-11-2023,77.04,16.92
03-11-2021,70.56,14.04
30-09-2023,129.114,-3.006
16-12-2021,64.53,-43.92
25-12-2024,92.2995,-80.2305
12-01-2022,45.42,12.69
09-09-2024,110.88,43.05
23-04-2023,42.039,11.619
15-09-2022,49.1946,-39.9654
23-01-2023,97.038,35.538
29-10-2023,59.76,-7.29
22-10-2023,55.944,-27.096
02-09-2023,92.5275,-15.3225
12-02-2023,60.48,10.8
26-04-2022,79.08,35.58
01-10-2024,510.57,56.16
15-09-2022,41.58,7.02
11-11-2023,122.283,21.693
01-01-2024,39.87,8.73
11-09-2023,138.24,30.69
19-10-2021,63.729,-21.021
25-09-2024,46.845,18.645
24-10-2023,25.29,7.56
02-11-2022,57,0.45
15-01-2023,40.425,-1.575
11-06-2024,90.0576,-28.9224
27-06-2023,78.12,9.24
21-11-2024,50.4,16.11
25-10-2024,73.1022,-21.0378
14-06-2024,45.36,2.16
23-12-2024,71.82,-42.18
20-11-2023,59.778,11.898
11-02-2022,56.349,7.509
17-12-2024,40.2522,12.6822
18-10-2021,173.76,-10.86
10-01-2021,30.456,12.096
24-08-2023,40.1475,-12.2025
24-04-2022,42.7869,-7.3431
15-11-2023,54.36,9.72
17-04-2024,61.8,14.82
02-05-2023,48.852,-21.228
01-05-2023,89.94,42.24
31-03-2024,47.7,19.98
04-04-2023,35.7,4.62
04-04-2024,58.392,-17.568
17-10-2022,26.91,-6.51
11-09-2023,75.69,2.25
05-08-2024,90.6222,9.9222
25-09-2024,60.96,17.04
30-08-2023,63.18,22.38
30-06-2024,28.0125,10.7325
18-03-2024,83.88,30.96
27-09-2022,23.25,6.15
11-10-2024,171.036,-28.524
30-11-2023,125.22,27.54
27-06-2022,44.22,0
17-01-2021,37.152,-9.288
10-02-2024,60.588,4.668
03-10-2024,127.1076,-45.3324
03-11-2021,51.03,1.68
01-03-2021,24.354,8.904
11-03-2023,75.6,15.96
17-09-2023,18.99,9.09
30-03-2021,66.462,-17.688
14-11-2024,102.45,8.1
23-03-2023,94.8,19.8
05-08-2024,90.0576,-28.9224
11-09-2023,155.7,13.95
18-06-2022,23.652,8.892
25-12-2021,59.328,-17.832
05-01-2023,63.9975,-35.1525
07-06-2021,109.08,0
26-12-2022,95.16,26.64
12-12-2024,409.32,175.86
03-05-2023,59.5455,-43.9845
10-10-2023,72.4245,-10.9755
02-08-2022,66.96,10.41
20-11-2024,82.296,15.516
30-12-2024,27.5892,6.5892
30-12-2024,113.2452,6.7752
21-06-2022,149.73,40.32
18-09-2023,57.84,15
26-05-2021,44.58,19.14
11-11-2021,26.2944,0.9144
28-04-2024,62.34,13.68
26-09-2021,44.2338,-36.7362
19-06-2022,33.6,10.74
28-11-2024,44.388,1.458
21-05-2024,71.37,-25.83
20-07-2022,49.68,6.93
23-06-2024,87.9504,-7.3296
01-02-2021,22.65,9.6
18-10-2022,76.2,10.65
08-05-2023,94.02,32.88
25-04-2021,99.924,-30.996
20-09-2022,1654.668,165.348
25-09-2024,223.722,52.182
01-05-2023,87.72,10.5
10-01-2021,34.29,16.11
09-11-2022,61.32,17.76
05-11-2024,124.92,48.6
26-05-2024,16.8,5.37
31-10-2022,92.205,19.665
16-11-2022,50.298,13.938
11-12-2024,167.34,81.96
07-02-2023,61.47,4.86
06-06-2023,129.978,4.308
13-06-2022,74.9988,-1.8612
08-05-2024,67.95,12.15
31-12-2024,39.6,6.66
06-06-2021,41.055,-5.775
29-09-2021,41.19,19.77
17-10-2024,91.14,17.22
16-04-2022,57.96,-2.34
04-12-2023,148.32,32.58
25-01-2022,28.908,-4.032
29-06-2021,87.3372,14.3172
03-10-2022,270.54,40.5
08-11-2023,141.03,28.17
04-07-2022,46.5,8.34
26-08-2024,33.06,11.52
18-09-2023,33.39,2.25
21-05-2023,92.46,34.2
23-08-2023,96.9,26.1
31-01-2021,62.1,18.54
13-10-2022,28.692,4.272
01-11-2023,71.55,7.95
25-09-2022,61.29,28.08
31-12-2023,59.4,26.1
12-02-2023,56.97,5.04
27-07-2021,57.159,7.029
16-06-2021,42.21,7.56
25-11-2024,21.6,5.4
04-07-2023,74.655,-23.895
31-08-2022,50.46,-15.18
27-12-2024,100.4964,-12.1836
28-07-2021,43.7568,-17.3832
16-06-2022,46.6875,17.8875
07-12-2022,56.9214,-10.3386
13-06-2024,61.503,5.103
21-09-2023,71.766,9.486
28-12-2022,46.62,9.72
26-02-2023,50.328,15.048
21-09-2022,37.665,10.035
29-05-2024,208.5,68.7
14-08-2022,80.757,18.837
09-07-2024,153.72,73.71
28-11-2023,41.55,2.85
02-08-2022,67.5,4.5
14-02-2024,79.56,13.74
30-06-2024,39.45,12.21
05-11-2022,30.735,-25.875
17-06-2021,29.88,0.54
28-08-2022,53.46,18.36
01-03-2023,36.972,4.272
25-09-2024,31.806,-2.514
24-05-2024,35.883,4.743
22-11-2021,50.148,3.288
26-09-2024,75.0321,-26.9379
30-06-2024,55.3161,-29.3139
11-06-2022,28.44,-9.06
22-08-2024,56.97,11.34
18-06-2023,76.275,-76.275
08-05-2024,50.274,13.374
25-01-2024,88.47,37.98
14-09-2022,85.56,23.04
26-02-2024,58.68,-24.48
30-11-2023,13.5786,-6.1614
12-09-2024,58.0635,-2.1465
27-12-2024,90.24,-21.66
31-01-2021,105.66,48.6
06-08-2023,49.425,-24.825
04-08-2023,58.671,-39.909
22-10-2021,66.744,20.754
16-01-2024,93.7236,34.9236
12-11-2023,70.6035,-44.9565
29-08-2024,49.83,3.48
12-11-2024,96.6,12.39
07-06-2021,35.64,2.34
27-06-2021,25.029,-0.351
06-05-2023,66.2838,0.6138
22-11-2023,40.32,14.85
25-11-2024,48.006,17.586
09-12-2021,46.656,5.616
17-10-2021,59.664,-3.276
19-02-2024,153.171,25.461
26-09-2024,32.25,11.85
22-07-2024,33.966,8.766
29-06-2022,33.264,-13.866
24-08-2023,27.4752,-7.8048
02-05-2024,58.4166,-41.9034
01-03-2023,97.92,3.9
07-05-2023,25.704,5.724
15-01-2023,85.5,16.2
10-12-2024,45.18,5.76
24-05-2021,22.26,7.98
22-01-2024,48.705,16.605
02-11-2021,66.45,3.9
29-08-2022,39.15,8.55
21-11-2022,74.34,20.79
25-12-2023,54,26.4
22-05-2022,92.988,3.948
14-11-2022,75.78,30.24
07-05-2024,42.408,-26.232
14-09-2021,54,5.4
28-07-2023,32.208,-4.032
02-04-2024,27.6024,-20.8776
24-09-2022,59.52,17.76
22-01-2023,43.86,5.25
16-03-2021,47.142,-3.708
20-10-2021,50.2281,-2.8719
25-06-2023,122.256,16.296
07-10-2021,72.45,31.05
05-04-2021,61.155,5.355
06-10-2022,52.35,7.8
25-06-2023,49.734,18.774
29-10-2023,24.12,8.64
13-11-2024,134.892,-83.208
17-09-2023,34.506,-3.834
19-11-2022,95.16,26.64
04-07-2023,22.0752,3.8952
03-10-2021,47.736,6.816
24-10-2022,43.065,-7.065
22-01-2023,60.06,21
08-12-2021,114.0825,-62.4675
12-07-2023,54.18,2.7
04-03-2023,56.34,15.75
17-09-2023,953.94,131.94
14-05-2023,109.38,3.24
12-12-2022,237.84,16.56
10-10-2023,64.3314,-57.0486
31-05-2023,54.36,20.07
30-09-2024,42.795,9.945
28-03-2022,141.912,-7.938
06-08-2024,159.12,60.39
22-08-2023,72,4.32
01-01-2021,113.67,37.77
28-10-2023,88.65,0
13-11-2022,95.22,16.14
18-03-2021,139.68,55.8
18-09-2023,105.8001,15.2901
03-12-2024,51.651,4.011
06-05-2021,78.12,14.76
10-12-2023,44.022,2.382
26-10-2021,23.175,-11.625
07-11-2022,22.815,2.535
21-05-2023,51.408,9.048
18-12-2022,19.8,0
08-11-2024,22.53,-17.13
19-08-2024,47.844,10.074
22-08-2023,70.56,26.1
22-08-2023,132.48,5.28
01-11-2021,47.43,-14.25
11-06-2024,65.016,2.856
04-06-2024,165.078,-7.362
20-12-2024,71.3502,-4.9098
10-05-2024,21.36,7.02
08-09-2024,42.84,11.07
18-06-2024,70.8504,-26.8296
01-11-2022,97.56,23.4
14-08-2022,68.121,20.421
10-12-2024,29.2401,-19.3599
13-12-2022,27.72,13.86
26-11-2023,73.4103,-38.8197
22-03-2024,56.067,-33.693
13-06-2021,67.455,-4.095
19-11-2022,70.488,11.688
01-10-2024,45.6012,-37.0188
12-02-2023,87.6,25.2
12-10-2021,49.5,1.44
07-11-2021,17.7126,-4.7274
17-06-2024,61.2,10.95
07-10-2021,33.72,15.84
13-06-2023,52.704,-35.136
14-02-2024,87.912,-60.768
13-11-2022,79.56,6.36
08-05-2023,117,17.55
26-09-2024,42.3576,-23.5224
27-11-2024,26.82,6.12
20-02-2023,43.902,18.042
25-09-2022,46.6032,-7.7568
26-06-2024,144.27,54.81
07-02-2021,285.12,-104.58
07-04-2022,33.96,5.04
23-07-2024,40.824,13.554
10-06-2023,30.36,-16.68
10-12-2024,47.4345,17.1345
31-12-2023,85.932,11.442
17-09-2023,27.42,3.54
05-12-2024,46.02,0.9
16-06-2021,52.5,5.7
03-05-2022,78.75,17.25
30-01-2023,80.3772,9.6372
08-12-2021,34.182,-0.438
23-12-2021,33.72,10.74
12-03-2024,20.034,-1.386
07-04-2022,72.84,10.17
10-08-2022,14.4,4.86
14-11-2024,34.344,-16.956
15-09-2022,39.54,9.84
04-10-2023,54.675,18.825
16-11-2023,25.92,12.6
22-11-2022,53.217,-1.233
08-07-2024,113.04,38.4
16-11-2023,30.96,7.74
22-01-2023,34.02,11.22
05-07-2024,90.18,26.1
23-11-2023,35.721,1.521
17-06-2024,43.56,2.58
14-10-2024,17.01,-9.54
01-05-2023,31.14,11.16
17-07-2024,41.6295,-29.5605
15-10-2022,67.8,17.58
10-08-2021,39.15,1.89
02-09-2023,57.33,2.28
07-12-2021,25.29,-9.63
08-11-2024,47.5092,-20.6208
12-05-2024,52.452,-2.628
15-04-2024,50.9952,7.9752
25-12-2023,61.38,30.06
31-07-2024,81.36,-19.08
05-09-2021,16.02,-11.58
02-11-2022,114.0315,-4.1685
16-04-2023,20.4156,-18.1044
26-03-2021,67.68,30.96
19-05-2021,35.4411,-2.7189
19-12-2023,40.905,-6.615
12-10-2021,26.163,11.583
13-11-2022,97.86,37.14
09-05-2023,99.72,22.92
27-12-2021,32.3406,1.0206
07-04-2024,43.47,18.63
08-05-2023,26.91,10.2
21-04-2024,54.24,15.72
24-05-2021,26.88,9.9
02-12-2024,32.22,4.8
07-12-2022,79.8294,20.1894
06-11-2023,72.459,-12.291
03-12-2024,56.46,27.06
10-10-2024,24.984,-8.856
28-11-2024,54.2322,-7.2378
28-11-2022,63.6444,-13.0356
16-02-2022,127.74,37.02
04-11-2024,20.559,-15.741
16-06-2024,24.3,-2.16
24-11-2024,33.9885,4.0185
28-09-2022,79.02,37.08
25-09-2024,107.28,40.74
02-11-2021,44.064,-2.946
26-05-2024,47.4138,-25.1262
28-11-2023,434.64,73.8
07-10-2024,48.384,2.664
12-11-2024,28.95,0.57
08-08-2024,54.27,17.28
27-11-2022,66.84,21.96
23-06-2021,71.04,0.66
18-12-2024,27.06,7.02
13-08-2024,61.8,26.55
04-09-2023,15.072,4.512
07-10-2024,53.082,19.422
08-08-2023,15.0672,1.6272
27-06-2023,51.66,3.6
31-10-2021,12.24,5.1
15-08-2024,72.1605,15.7605
22-01-2024,81.27,36.54
07-06-2021,43.164,-11.556
06-09-2023,30.564,3.684
01-11-2023,69.876,12.396
14-05-2023,38.8944,-10.6656
28-03-2022,82.8258,-2.3142
12-05-2024,100.8,15.12
21-10-2024,86.04,30.96
28-01-2023,57.75,17.85
31-05-2024,71.442,3.042
13-11-2022,29.535,-2.265
03-11-2021,77.16,11.52
12-01-2022,78.6825,10.8825
27-05-2023,23.724,-5.976
23-04-2024,34.992,-14.598
13-12-2024,90.36,19.86
30-08-2021,26.82,6.12
15-05-2023,111.96,-100.8
29-07-2024,40.4178,-25.9422
26-11-2021,53.28,3.72
27-03-2024,111.06,27.72
04-11-2024,59.652,-7.968
05-08-2024,60.336,-26.184
03-10-2023,59.94,25.29
13-09-2023,65.25,5.1
26-12-2023,54.39,11.34
10-12-2021,100.32,33
16-11-2024,51.651,19.491
29-11-2022,64.1088,-35.2512
12-08-2024,69.84,27.9
29-10-2023,55.14,17.07
18-12-2024,46.8,-42.12
16-10-2023,28.8,4.32
07-09-2022,42,-31.95
11-09-2023,25.326,2.226
07-08-2024,64.3665,-10.1835
26-12-2023,67.716,-1.524
28-03-2021,99.84,35.94
27-09-2023,46.17,12.27
13-11-2022,201.6,30.24
06-06-2021,29.4,-11.76
08-05-2022,42.75,15.75
09-06-2024,51.75,17.58
16-11-2021,44.8857,-5.1543
18-09-2024,55.92,11.7
10-04-2023,70.755,2.655
20-05-2023,25.029,-0.351
12-06-2023,99.3822,13.5822
08-08-2024,40.5,4.05
20-09-2023,36.045,14.805
13-01-2022,35.532,-0.048
05-08-2021,60,-52.8
21-07-2024,44.571,12.771
21-09-2023,49.26,4.92
19-02-2024,39.42,13.5
30-12-2024,13.284,-8.676
16-01-2022,340.14,54.42
25-12-2023,73.2,5.85
31-08-2023,57.4875,2.2875
18-05-2023,36.855,-34.755
22-09-2024,50.9454,11.0454
23-10-2022,46.4634,-5.1066
07-03-2021,121.59,44.97
11-11-2024,36.45,0
24-06-2023,44.307,17.697
15-11-2022,28.998,0.318
27-12-2024,52.9872,9.5472
30-10-2021,17.52,7.5
26-07-2023,61.56,3.36
05-06-2024,33.48,1.32
06-09-2023,47.94,13.86
24-12-2021,24.219,7.509
13-09-2024,101.3625,1.9125
31-08-2021,14.2464,-2.7336
27-06-2023,65.664,10.944
30-12-2021,46.53,1.8
09-06-2024,37.71,5.01
22-11-2021,44.1942,-12.1458
04-10-2021,37.8,11.7
01-03-2021,23.868,-7.632
27-11-2024,45.72,-21.36
11-09-2022,22.7052,1.2852
31-10-2022,73.656,1.596
07-08-2022,98.6436,5.5236
02-09-2021,86.58,32.76
15-10-2023,98.7,10.8
09-05-2023,27.432,-3.348
25-03-2024,76.608,-4.932
01-05-2023,31.74,8.88
26-08-2024,36.435,-3.045
07-07-2022,89.58,38.46
10-09-2022,35.9976,-8.8824
12-05-2021,47.58,18.06
27-07-2021,72.3096,7.8096
04-01-2024,20.43,9.36
05-11-2023,40.068,-1.452
22-02-2023,32.13,3.78
31-08-2022,22.17,-10.23
03-11-2024,32.724,1.044
22-02-2022,76.356,31.356
06-08-2024,43.2,-4.32
22-01-2024,57.42,11.43
07-04-2024,47.46,14.22
25-09-2024,43.74,11.34
05-08-2024,43.128,4.248
15-04-2024,75.39,14.28
15-10-2022,68.88,5.46
14-11-2024,52.377,19.677
21-11-2024,54.36,9.72
28-11-2021,31.536,8.736
05-05-2024,31.644,-2.916
13-05-2023,68.796,-41.304
09-12-2024,40.014,15.534
01-04-2024,62.82,9.36
20-11-2024,81,19.44
17-09-2021,27.96,13.98
18-12-2022,62.964,15.324
06-02-2022,26.76,10.38
24-12-2021,45.96,3.66
16-01-2024,106.8,35.1
01-11-2022,62.46,28.62
01-02-2021,20.34,9.9
01-10-2024,42.876,12.276
28-06-2024,50.004,17.124
05-08-2024,33.1515,-23.1885
31-03-2024,50.46,18.66
01-06-2023,30.96,4.32
12-12-2024,13.62,6.24
31-08-2021,39.48,0.36
04-12-2022,22.896,-11.304
22-10-2023,58.65,25.2
27-08-2024,55.458,22.758
07-06-2022,84.6,20.28
27-09-2021,51.36,-48.3
30-12-2024,10.854,-6.696
30-10-2024,90.855,37.305
24-10-2022,58.56,8.16
13-08-2024,84,37.8
04-06-2022,26.6166,-17.6634
13-12-2021,19.656,2.136
15-02-2022,41.22,18.54
05-08-2024,21.54,8.4
20-06-2022,72.315,7.695
12-08-2024,100.8,27.15
30-01-2023,42.2802,7.0902
17-08-2022,98.85,24.6
11-04-2023,38.76,10.44
13-10-2024,31.68,-4.32
03-12-2021,24.8004,8.9604
29-10-2024,89.52,35.76
12-06-2023,55.5,25.5
07-06-2021,14.958,-0.522
25-09-2022,42.2304,-4.0896
03-12-2024,43.2957,-5.8443
23-07-2023,99.54,33.84
23-04-2024,36.972,4.272
25-12-2021,39.888,-2.112
19-12-2024,76.707,7.587
19-11-2022,14.832,1.932
22-08-2023,33.102,0.702
01-10-2024,44.4087,-35.3913
07-11-2023,24.42,-10.23
07-10-2021,137.88,2.73
09-05-2024,55.98,7.8
30-03-2021,30.4425,-24.4575
26-03-2024,26.136,2.376
18-10-2024,33.1992,-10.0908
19-12-2024,39.204,-22.266
05-09-2022,47.0004,-39.9396
02-08-2023,51.9453,-1.0647
07-02-2022,72.75,8.7
01-12-2024,43.95,10.98
01-04-2023,63.5319,-5.2281
14-06-2023,34.8,-2.16
06-02-2024,49.5,1.44
27-06-2024,33.57,8.64
18-10-2023,33.966,-0.054
11-07-2021,51.7275,-5.7225
19-08-2023,71.442,-4.158
01-10-2022,131.4,55.05
22-06-2022,48.42,23.22
06-10-2024,67.44,21.48
09-09-2024,22.26,-1.74
11-11-2023,31.14,2.43
25-12-2023,36.72,6.57
29-08-2022,41.37,6.93
09-05-2024,34.164,-5.616
03-11-2024,49.56,13.86
27-12-2021,65.8314,1.7514
12-05-2021,51.435,7.935
09-05-2024,39.8772,-6.0828
20-12-2023,142.02,2.79
10-08-2022,32.64,1.95
22-09-2024,66.87,28.71
15-09-2024,85.4784,-32.3616
25-09-2021,51.273,5.643
05-11-2021,47.4138,2.6838
01-11-2021,10.5,-8.22
25-09-2024,31.2,-25.65
09-09-2023,26.298,6.708
29-09-2024,32.571,-5.349
08-08-2024,34.4367,2.8467
29-03-2021,28.23,11.55
05-05-2024,29.4,-10.62
13-02-2022,17.64,-2.94
11-04-2024,21.84,7.38
04-12-2024,85.536,1.476
22-08-2022,42.9,-10.98
11-09-2024,22.4667,-12.7233
07-05-2024,73.764,-28.296
09-08-2024,30.72,-15.36
16-06-2024,33.93,-33.93
09-12-2021,136.242,52.902
11-11-2023,36.354,8.304
30-09-2024,30.756,-4.524
11-06-2022,65.142,-10.698
19-11-2024,38.76,10.44
18-11-2024,55.8,6.6
11-01-2024,57.852,-6.768
08-10-2024,83.16,19.32
02-05-2023,31.86,3.66
18-01-2022,49.284,-0.036
01-11-2023,42.12,4.2
14-06-2022,40.83,1.62
24-04-2024,45.492,15.492
16-09-2024,80.028,14.148
15-09-2023,16.74,0.66
02-12-2024,21.465,-14.985
18-06-2022,63.27,11.97
22-10-2024,69.6,-4.32
03-03-2023,62.0646,3.3846
06-09-2023,25.065,-8.595
03-03-2024,54.0918,-43.1082
22-10-2024,76.65,22.2
23-12-2023,59.25,10.05
23-05-2021,38.88,-0.12
04-01-2024,29.49,6.48
28-08-2022,49.842,4.422
13-07-2023,16.74,1.98
28-11-2022,42.1575,-3.2025
21-05-2024,51.3,13.32
18-06-2022,67.365,-1.635
28-04-2024,53.352,8.232
06-10-2023,30.213,11.673
07-03-2022,42.039,16.809
06-12-2021,54.99,4.32
17-10-2024,85.59,23.04
25-01-2024,45.69,18.72
26-10-2021,48.195,19.275
15-06-2023,57.45,2.25
02-04-2022,14.877,2.457
18-10-2023,26.928,-14.202
13-06-2024,67.716,-1.524
29-04-2023,21.0675,-11.5425
30-03-2021,42.795,1.095
24-11-2023,50.4,10.98
12-07-2023,48.384,-5.796
16-05-2024,23.787,3.147
10-12-2023,57.168,-15.252
12-01-2022,38.43,8.82
01-12-2021,55.0128,12.7728
06-11-2023,41.2344,-1.5156
26-12-2024,98.7471,2.6271
28-09-2022,41.553,-4.617
21-06-2022,25.08,8.25
22-02-2022,156.897,47.007
04-10-2024,34.4925,1.3725
27-08-2022,91.152,4.512
26-06-2022,45.972,-29.928
27-05-2024,67.23,26.13
09-07-2024,87.42,32.34
15-10-2022,103.38,40.26
21-06-2021,50.67,10.62
14-12-2021,37.8102,-10.7298
10-06-2024,60.57,28.44
19-04-2021,29.04,5.16
19-02-2024,28.917,0.567
15-09-2024,160.1985,-43.9515
06-09-2024,18.6348,-15.9252
14-12-2021,28.302,1.062
09-05-2023,36.78,4.38
07-12-2022,42.1308,0.9708
16-01-2024,32.31,12.6
25-03-2023,40.23,-17.01
23-08-2023,39.4956,-24.6744
16-10-2022,26.7675,6.3675
09-01-2021,45.1935,17.8935
29-07-2023,35.7846,-12.2754
13-11-2022,49.365,15.795
20-03-2022,1648.998,-109.962
12-11-2024,26.76,11.76
06-04-2022,17.82,6.51
27-12-2021,80.178,-6.762
07-12-2022,30.69,1.53
26-11-2023,107.055,33.255
21-10-2021,51.354,9.654
30-07-2022,71.28,-51.39
15-07-2024,58.716,-23.544
02-12-2024,34.875,-22.365
04-09-2024,26.64,3.96
28-08-2024,24.48,8.76
26-12-2023,71.8116,26.6616
30-08-2022,36.882,13.062
27-10-2022,29.7648,0.9648
16-05-2022,21.285,-10.665
27-08-2022,13.11,2.61
01-09-2022,43.254,5.274
01-09-2024,63.9,15.84
13-11-2023,28.08,-9.84
22-12-2024,58.3416,-15.9984
13-11-2024,63.87,18.51
16-07-2024,18.546,-4.434
18-09-2022,19.68,9.63
16-05-2024,36.18,11.52
11-06-2022,31.8645,-2.2455
26-10-2022,23.7,11.1
12-06-2023,41.835,-20.925
23-03-2022,30.024,-9.036
27-10-2024,55.65,19.95
13-10-2024,33.984,2.244
26-01-2022,66.6,17.88
26-11-2024,57.996,-24.264
27-12-2024,41.3034,11.3034
11-07-2024,15.6456,-11.5344
07-01-2021,27.456,-4.494
07-07-2024,31.68,-24.84
14-08-2024,35.2665,3.6765
30-12-2024,16.92,0.24
06-08-2024,37.872,-20.208
25-07-2021,27.702,11.052
31-08-2021,23.733,-2.187
24-12-2021,19.44,3.24
04-10-2023,38.8437,-23.5263
03-07-2022,36.36,-5.52
23-11-2021,97.944,-75.816
10-10-2022,18.126,-15.804
04-09-2022,82.7118,-6.3882
13-06-2022,24.84,-4.2
22-10-2024,26.73,-2.97
12-01-2022,51.03,16.83
25-01-2021,98.22,34.32
28-07-2021,33.18,3.3
17-12-2023,47.304,-29.976
02-08-2024,8.532,-5.688
20-11-2023,86.076,37.236
02-05-2022,41.76,12.9
12-03-2024,38.5452,13.4652
19-04-2023,53.295,-38.805
09-08-2024,31.95,-16.65
15-02-2023,35.52,0.33
16-01-2024,50.9832,-1.4568
04-09-2022,35.46,1.26
22-10-2024,35.19,-16.2
27-06-2023,41.0352,12.8352
27-08-2022,67.92,14.94
27-10-2024,17.4051,-1.1349
04-06-2022,24.93,1.71
07-09-2024,48.45,0
02-05-2021,49.1775,13.6275
21-08-2023,19.098,0.318
12-01-2022,43.956,-15.264
01-09-2021,64.35,-32.76
21-03-2024,83.6976,-20.6724
15-05-2022,26.325,4.095
12-12-2021,44.202,-11.718
20-11-2023,56.43,16.29
13-06-2022,38.07,14.76
07-04-2024,34.11,16.65
25-06-2022,21.9867,-1.3533
12-12-2023,12.42,2.97
18-03-2021,49.32,6.39
21-05-2024,65.22,15
29-10-2024,17.7828,-5.1372
19-06-2023,50.1984,6.0084
04-12-2024,43.65,15.15
16-12-2023,20.82,2.46
30-11-2023,62.55,6.21
16-12-2024,37.86,16.98
18-06-2024,45.792,-35.568
01-11-2023,46.98,19.26
21-05-2024,56.94,1.08
19-05-2021,65.4921,1.2321
04-12-2024,45.15,16.65
05-07-2021,88.0215,18.9315
08-08-2024,33.84,15.48
05-06-2022,34.0101,-12.8799
09-10-2023,87.156,22.236
09-11-2022,19.2939,4.4739
12-11-2022,422.73,46.44
17-12-2022,24,10.8
11-06-2024,16.2348,3.5148
10-01-2021,161.514,53.694
05-12-2021,21.414,6.174
18-11-2024,45.216,-4.584
15-09-2021,49.59,12.33
11-08-2024,30.456,12.456
06-11-2024,34.83,11.97
20-08-2022,31.323,1.143
14-08-2024,22.29,3.99
01-03-2024,39.48,4.32
05-08-2024,323.3601,-66.7899
27-10-2022,27.4896,-1.0104
27-12-2021,46.4385,15.5385
03-09-2023,21.3975,0.5475
30-04-2024,50.085,14.385
16-05-2024,26.136,-14.844
08-05-2024,36.63,12.78
10-02-2024,57.996,19.836
27-10-2022,41.0352,15.2352
09-12-2024,274.9545,-0.0255
18-08-2024,69.57,7.65
01-05-2024,15.66,3.42
01-06-2022,315.936,114.516
27-03-2022,74.682,16.572
10-02-2023,55.0935,-21.8565
25-09-2022,56.97,27.27
11-10-2023,42.0525,7.7625
15-11-2023,33.642,10.782
14-04-2021,1840.68,846.54
07-08-2023,38.4345,3.6645
27-06-2024,23.3892,-1.9308
21-02-2021,25.14,4.74
13-02-2024,40.905,9.495
12-08-2023,26.94,1.86
25-01-2024,28.8,4.32
20-06-2023,25.8,-2.58
28-12-2022,14.28,3.99
16-05-2024,31.92,6.06
04-11-2024,21.384,-13.296
20-03-2024,33.39,4.32
07-11-2022,34.2,0.27
28-06-2023,64.638,20.748
26-06-2024,95.58,39.18
18-09-2022,21.816,0.696
02-08-2022,51.1446,18.4446
16-03-2023,23.64,0.84
22-11-2021,33.7398,-3.8202
29-03-2023,158.556,-26.064
01-11-2022,30.24,5.4
01-10-2023,11.43,3.3
20-02-2022,43.416,-5.904
06-09-2022,18.954,6.714
22-11-2021,9.36,4.56
02-07-2024,53.64,26.76
21-05-2023,60.42,26.58
10-09-2022,159.444,-95.676
03-05-2021,145.98,4.32
16-01-2024,40.014,7.074
09-12-2024,37.7235,6.3135
22-09-2021,31.92,10.2
17-06-2024,49.8,9.6
06-03-2024,46.872,19.752
30-04-2021,44.496,5.916
12-06-2024,21.84,4.32
21-09-2022,20.52,-2.1
09-01-2023,53.526,-38.934
20-05-2023,33.72,10.74
04-09-2024,17.235,-15.885
21-09-2023,44.928,12.978
03-01-2022,54.351,-0.009
14-11-2024,32.22,13.14
19-12-2024,65.988,-1.572
07-11-2023,18.9585,-5.5215
20-11-2024,44.415,-4.935
16-08-2024,22.92,10.98
27-10-2021,33.57,13.41
07-01-2024,23.76,-10.44
02-09-2021,18.063,8.013
21-01-2024,34.2126,11.5326
05-12-2024,60.156,15.276
03-11-2021,47.0958,-5.3442
08-10-2021,84.18,16.8
15-05-2023,45.96,-42.36
11-08-2024,37.476,14.916
10-08-2021,50.94,15.75
23-06-2024,50.3712,2.8512
06-02-2022,71.712,-8.748
10-12-2024,18.288,-7.932
12-09-2021,28.206,-6.594
10-10-2024,31.2,-32.04
26-11-2024,60.66,-5.1
17-05-2023,24.57,4.59
22-04-2024,31.14,2.43
16-07-2022,53.595,11.385
15-07-2024,70.7409,1.6209
21-09-2023,42.21,5.88
18-02-2024,11.517,-6.303
31-10-2022,46.8765,-22.2435
16-08-2024,38.6925,-12.7575
09-08-2023,40.74,5.7
21-09-2022,23.52,4.68
27-06-2023,58.752,-4.128
27-12-2024,29.382,-1.818
30-11-2024,41.04,11.04
06-08-2021,29.04,4.62
19-08-2024,51.624,14.904
10-11-2024,30.525,-1.125
25-06-2024,33.804,-6.786
23-07-2024,11.97,3.33
14-11-2022,17.1,4.23
26-08-2024,12.6,-7.11
18-10-2021,46.44,-3.72
04-09-2024,27,11.61
02-12-2021,23.31,4.86
24-01-2022,73.02,9.48
06-07-2021,42.57,-10.68
05-05-2022,46.7784,-14.7816
28-09-2021,34.38,16.47
22-01-2023,21.96,2.58
22-10-2024,33.78,-19.62
24-05-2022,15.48,3.87
26-06-2022,20.5746,-8.1654
03-07-2022,39.312,-13.248
12-01-2024,33.516,-0.564
02-01-2023,30.66,8.88
17-09-2023,40.338,-1.842
04-02-2024,54.432,10.242
24-03-2024,15.363,4.083
04-11-2024,34.38,15.12
22-10-2022,123.39,41.94
15-09-2021,35.64,14.58
23-12-2021,33.5154,-1.6446
26-10-2021,347.49,-11.61
18-11-2021,62.4,3.12
08-07-2024,67.05,18
03-05-2022,60,19.8
10-06-2024,33.72,10.74
20-11-2022,33.39,-2.52
28-09-2022,41.16,17.64
29-11-2021,68.8311,-20.8089
27-09-2023,73.2,28.5
23-11-2023,51.354,11.934
28-08-2024,27.819,-7.101
23-09-2024,44.28,0.36
19-06-2024,27.1413,-6.6987
23-06-2024,25.8462,5.5662
03-12-2024,12.096,-4.464
30-08-2024,41.2923,-8.6877
10-09-2022,27.8631,7.7031
06-01-2021,40.7358,-27.0942
16-07-2022,20.79,4.83
25-12-2021,25.308,4.188
25-09-2023,27.96,6.12
20-11-2023,36.288,9.648
06-10-2022,76.32,23.58
05-04-2023,33.96,6.72
02-07-2021,31.968,-1.632
16-05-2024,21.573,4.533
24-02-2022,94.68,1.86
01-12-2021,29.61,10.65
20-03-2024,41.55,8.25
05-09-2023,49.5,1.44
09-10-2024,28.182,1.512
27-01-2021,39.96,15.18
25-12-2024,15.228,6.048
14-08-2024,16.5,0.48
07-08-2023,38.3985,-3.0015
25-12-2023,78.084,13.824
07-09-2022,14.04,5.88
12-03-2021,43.95,7.02
22-10-2023,31.32,6.84
23-12-2024,45.99,13.32
16-01-2024,53.568,22.008
27-12-2024,21.9,-1.38
04-05-2022,15.066,-1.014
01-07-2023,40.2,18
12-06-2024,45.99,13.32
30-12-2024,43.6995,-0.1005
16-04-2024,65.2905,-39.1995
14-02-2024,28.0953,-23.3847
24-03-2024,31.164,-8.856
11-06-2024,12.636,-4.884
21-02-2021,35.964,8.244
10-07-2024,15.15,4.68
05-05-2024,48.06,1.89
22-10-2024,38.55,-5.43
05-04-2021,46.089,12.249
17-11-2022,26.5848,-15.6552
09-10-2024,47.583,-0.597
15-04-2024,58.23,15.12
14-11-2021,41.25,1.95
04-09-2024,23.652,6.822
12-03-2023,30.348,7.368
26-11-2022,59.7,16.08
19-06-2023,126,27.6
31-08-2023,37.011,-3.549
18-05-2022,37.62,17.64
10-02-2022,41.715,-0.585
11-09-2022,25.14,0.48
03-08-2024,14.112,-0.708
15-09-2021,26.82,13.38
02-11-2021,28.08,13.68
22-01-2023,26.82,7.74
01-05-2022,11.13,-0.87
25-08-2024,44.064,-2.946
14-08-2022,20.925,3.825
04-09-2024,20.52,6.75
22-05-2022,42.57,2.97
23-05-2022,28.0794,-7.9806
13-09-2023,20.574,8.454
25-12-2022,13.446,5.526
24-11-2024,26.2944,6.9144
22-06-2021,23.1,7.14
12-06-2023,48.9,6.84
23-11-2022,64.11,24.36
31-05-2021,31.59,0.9
14-08-2024,75.87,23.49
21-11-2022,14.472,-1.488
15-10-2023,27.36,-6.96
16-09-2024,73.26,-52.83
07-05-2022,29.268,1.248
25-10-2024,47.58,13.32
11-03-2024,13.23,3.96
27-12-2022,23.436,9.876
30-09-2024,58.17,15.69
01-11-2023,77.436,22.356
31-07-2024,36,0.6
14-08-2022,52.32,14.64
29-12-2021,26.1,3.6
08-04-2024,29.7,-2.34
04-05-2022,32.76,5.4
17-06-2024,36.855,9.405
24-07-2024,31.644,-20.196
29-05-2023,40.6368,-7.3632
18-04-2022,44.793,14.913
11-01-2022,16.812,-10.128
12-02-2023,38.07,14.76
05-05-2024,36.96,-27.36
14-10-2023,156.168,31.128
05-11-2023,20.16,1.17
07-03-2023,47.1,15.54
06-11-2024,16.164,0.534
24-04-2022,14.5008,-3.6792
20-05-2024,46.08,14.7
30-05-2022,30.51,11.88
24-02-2024,13.095,1.725
16-12-2024,31.56,2.52
18-05-2022,34.74,2.43
02-09-2023,23.49,5.13
11-01-2024,14.355,-10.485
13-11-2022,24.48,8.76
25-06-2024,27.216,-12.264
24-11-2024,94.77,25.23
13-10-2021,15.984,2.124
12-02-2023,36.96,4.8
08-05-2023,52.5,5.7
29-12-2024,44.7426,-27.9174
16-12-2023,54.5748,8.8548
22-11-2023,23.94,1.14
24-10-2022,49.248,-4.992
30-09-2021,37.887,-9.363
26-12-2023,67.878,6.678
11-09-2023,36,7.56
08-08-2021,27.96,3.24
18-04-2024,173.6451,7.0551
03-08-2022,39.285,-0.465
07-12-2021,15.9,2.82
28-10-2023,31.05,9.27
07-12-2023,42.21,7.56
25-09-2024,32.88,4.26
16-11-2023,22.14,9.06
26-11-2023,97.74,21.48
16-06-2022,114.66,4.56
01-09-2024,27.258,-8.442
30-12-2024,8.5407,2.3607
09-09-2024,51.96,17.64
21-09-2021,25.2,5.49
04-04-2024,41.04,-9.6
09-12-2023,43.38,12.12
17-06-2023,35.0343,-5.9157
15-01-2023,21.573,6.033
19-06-2024,13.47,-11.07
20-09-2021,59.94,11.94
31-08-2023,35.4888,-24.2712
10-10-2024,18.768,-7.992
28-10-2023,29.07,14.49
13-02-2024,35.748,11.088
29-04-2022,16.56,2.31
30-08-2023,36.882,-0.858
25-12-2023,85.59,2.19
22-04-2023,30.3,10.56
20-11-2024,61.236,8.136
30-03-2021,29.9556,-7.3944
17-10-2023,16.038,-1.302
27-06-2024,29.9238,-3.4362
04-11-2024,16.596,-4.464
08-05-2024,36.66,-30.9
01-05-2023,27.36,8.7
22-08-2024,116.5152,-30.8448
24-04-2024,44.874,18.414
28-04-2024,18.27,2.7
18-11-2024,67.5,6.75
08-05-2022,43.2,15.96
26-11-2023,31.14,2.43
22-09-2024,23.922,-13.608
04-08-2023,58.0668,3.4668
03-12-2022,46.5552,-27.3648
21-05-2024,30.213,10.053
26-01-2022,131.64,64.5
07-12-2022,23.406,6.726
29-05-2023,28.1868,1.3068
17-09-2024,51.264,-33.336
14-02-2024,23.817,-3.123
04-01-2023,10.08,-6.48
12-11-2024,15.606,-1.734
25-12-2024,82.2,10.65
09-10-2022,31.23,3.69
23-03-2023,93.42,42.96
11-11-2023,32.7684,-6.3516
23-09-2024,46.17,-28.65
16-08-2023,27.864,1.224
22-07-2023,406.5309,166.0509
15-10-2023,31.62,0.3
28-06-2023,31.14,13.02
25-02-2022,26.37,1.29
03-09-2023,35.55,-0.48
18-08-2024,81.7575,-56.5425
03-06-2023,90.96,19.98
05-10-2022,74.772,-29.928
20-03-2023,22.659,2.169
08-01-2023,33.696,5.976
01-12-2024,56.52,23.7
13-09-2023,114.39,14.85
30-12-2024,53.493,-32.127
01-05-2022,22.5,9
03-11-2021,25.2,5.52
29-08-2022,16.68,7.5
11-05-2022,16.86,7.92
21-05-2024,6.9642,-4.9158
23-02-2022,23.6592,-15.7008
17-06-2021,714.8004,-107.9196
05-08-2023,64.2,5.04
09-05-2024,35.532,-23.148
06-06-2023,43.551,17.391
22-01-2023,46.26,11.07
07-08-2023,29.8059,2.8359
21-10-2023,30.402,3.702
12-02-2024,47.925,7.875
26-12-2024,13.104,-4.416
25-06-2024,33.36,15
04-09-2024,26.37,9.75
03-09-2024,23.832,-0.828
22-10-2023,28.08,13.68
28-05-2023,61.02,19.44
05-07-2023,31.7046,-4.2354
22-08-2023,51.84,2.88
15-09-2021,53.64,15.48
17-07-2024,56.364,-22.596
06-09-2021,33.3,8.94
09-02-2022,32.157,9.207
14-05-2023,27.7614,-10.5186
01-05-2023,44.55,1.2
03-09-2023,35.442,-27.738
09-10-2022,47.28,0.36
16-08-2023,30.564,8.124
10-05-2024,43.146,9.066
19-06-2023,39.5412,-8.0988
23-12-2021,44.649,-0.891
16-07-2024,23.52,4.68
13-11-2022,28.8585,1.5585
22-09-2024,31.3866,-4.1934
22-03-2021,25.92,0.72
12-08-2024,39.495,-28.455
15-07-2023,29.67,7.11
21-09-2021,84.7092,-6.9708
22-08-2023,306.072,-0.048
23-11-2022,45.15,19.41
23-05-2024,19.23,8.07
25-09-2024,23.544,4.704
24-06-2021,25.38,8.7
30-05-2023,39.852,-4.068
29-07-2021,17.04,7.32
04-03-2024,17.0595,0.7695
13-08-2023,26.19,7.05
28-11-2022,156.915,-77.085
15-05-2023,12.96,-4.14
06-08-2022,16.4565,-5.3235
20-12-2023,21.84,4.32
05-07-2024,6.48,3.15
09-09-2023,15.741,2.091
28-11-2024,43.0254,-3.3246
20-10-2024,26.7438,-22.2162
05-09-2022,80.676,12.546
22-02-2022,22.761,3.771
05-11-2024,44.97,21.12
27-08-2022,52.47,-34.68
22-03-2022,39,12.06
08-05-2023,45.45,14.04
29-12-2024,33.231,-19.569
18-04-2024,32.6688,1.9488
03-05-2023,33.4656,11.1456
11-05-2023,28.053,3.723
14-05-2023,20.412,0.672
04-04-2021,40.5,19.8
18-12-2023,16.812,-10.128
26-12-2022,18.522,7.812
22-01-2024,26.5815,-14.5485
27-05-2024,27.96,10.32
30-11-2022,10.56,2.1
22-10-2023,36,-18
04-10-2023,133.2,23.7
28-08-2022,6.48,2.37
16-08-2022,20.13,2.19
02-01-2023,76.2,25.86
06-08-2023,56.52,19.2
06-01-2021,30.54,13.11
03-07-2022,27.36,-17.88
10-05-2024,20.952,-12.948
28-07-2021,13.674,-3.126
12-11-2023,13.872,1.452
14-04-2022,36.375,-30.675
24-01-2024,16.8,5.37
06-09-2024,46.59,-10.29
03-01-2024,39.447,5.697
01-08-2021,24.651,-19.359
03-05-2021,28.431,2.151
25-06-2023,23.166,4.626
16-11-2023,15.24,4.98
06-06-2024,19.8,0
25-08-2024,9.9057,-8.2443
11-03-2021,12.21,-0.45
02-01-2024,29.4,9.39
16-01-2023,14.1192,-7.7808
05-07-2023,30.1941,-15.4359
15-07-2023,28.32,4.2
22-07-2023,17.967,-4.113
05-09-2021,29.4,10.56
24-12-2021,20.34,6.48
31-01-2021,32.1,9.3
02-01-2023,32.16,11.52
20-02-2022,17.028,-6.822
12-03-2022,21.681,0.711
22-10-2024,28.836,7.326
06-08-2024,45.684,18.144
04-05-2023,38.7,13.5
24-01-2022,25.08,3.96
21-11-2024,21.6,7.98
20-09-2023,175.176,23.256
17-01-2022,33.42,10.98
21-12-2021,51.246,-8.424
05-10-2022,30.024,0.954
07-10-2021,41.49,7.02
03-06-2024,31.968,-4.932
25-12-2022,36.78,4.38
26-07-2023,22.3245,-7.7355
04-06-2023,17.61,6.33
30-08-2021,25.8216,-20.0184
10-09-2024,22.0116,1.5516
17-06-2024,42.525,9.405
05-04-2024,25.4916,-8.4084
24-01-2022,31.08,9
18-03-2024,21.54,6
12-12-2022,46.71,16.74
04-09-2024,17.58,0.3
17-12-2021,40.14,17.64
28-11-2024,55.14,27.57
01-10-2024,36.0612,-22.6188
11-12-2023,35.616,-6.834
27-04-2022,20.58,9.87
18-03-2023,20.16,9
07-08-2023,23.976,2.076
23-04-2024,26.676,-6.264
01-01-2021,55.242,15.342
30-03-2021,23.5125,-11.1375
11-05-2024,25.218,-0.072
21-05-2024,88.56,38.31
25-12-2023,14.28,3.69
22-04-2024,21.99,5.04
15-12-2024,32.193,-8.427
09-05-2023,12.852,-0.648
27-02-2023,35.559,-0.801
08-06-2023,33.6,15
14-06-2024,10.965,3.345
23-04-2024,16.794,-7.296
23-07-2024,12.18,1.8
25-12-2021,14.724,-2.706
20-12-2023,26.64,8.19
04-10-2023,21.1401,0.7101
07-04-2024,385.86,84.84
10-05-2021,25.704,-6.066
02-02-2021,34.02,7.92
04-07-2021,51.711,-23.529
19-12-2024,17.1,6.3
22-01-2021,6.318,-3.912
26-12-2022,11.637,-0.663
06-04-2023,26.433,11.733
19-11-2024,24.462,2.142
12-12-2021,98.8185,-22.6215
29-12-2024,21.4014,-0.0186
11-11-2023,37.476,-8.124
16-07-2024,29.22,6.72
10-06-2023,16.632,0.552
08-05-2024,27.27,-4.41
15-09-2021,25.2,1.5
27-09-2022,13.32,1.98
18-08-2022,23.91,1.89
03-11-2024,27,13.2
19-12-2023,14.904,-3.996
16-11-2021,11.9886,-6.6114
03-07-2022,19.224,-11.556
13-09-2023,19.1754,-5.4846
01-12-2021,44.1228,17.4828
06-09-2024,32.88,4.26
12-05-2022,24.246,-0.834
15-10-2022,54.36,23.04
17-12-2024,27.813,-5.727
13-06-2022,45.684,4.524
27-01-2024,77.67,-62.19
12-01-2022,51.051,-38.109
09-05-2023,8.5407,2.3607
09-09-2023,18.09,0.54
16-07-2024,23.01,0.45
21-02-2024,31.425,-30.225
07-10-2023,21.06,8.82
30-05-2021,21.456,-6.144
22-11-2023,28.4607,10.2807
02-08-2024,13.44,6
18-06-2024,30.213,10.053
04-12-2024,31.518,12.168
26-03-2023,18.432,0.612
24-06-2023,27.864,1.224
22-10-2024,11.607,-4.653
09-10-2024,24.381,-2.439
27-12-2022,18.144,1.584
03-09-2022,17.4582,-10.2618
16-11-2021,18.3168,-9.0432
11-10-2023,29.304,-5.886
04-08-2021,25.014,2.214
19-11-2024,27.825,-2.175
25-10-2022,10.68,3.51
13-12-2021,17.6967,-11.3733
17-06-2024,21.573,4.533
14-11-2024,39.8295,-0.0705
22-12-2021,44.865,-17.055
20-10-2022,17.46,6.06
06-09-2023,222.993,-9.927
25-12-2024,39,7.38
25-09-2022,9.9,0
20-06-2023,15.048,-1.152
25-04-2021,26.4,-18.24
10-02-2023,38.1717,5.5017
17-10-2023,27.27,9.09
23-05-2023,22.788,-7.632
09-07-2024,24,10.8
17-11-2024,29.1555,-22.3245
20-01-2022,57.456,3.096
30-05-2022,24.7008,-3.2892
03-05-2021,31.995,13.095
13-08-2023,40.446,-8.784
17-12-2023,30.132,-18.108
25-12-2023,56.52,23.7
29-12-2024,13.5468,-3.1032
06-08-2024,18.522,6.762
27-02-2024,12.609,4.179
16-04-2022,14.7234,-1.7166
11-08-2024,31.152,-0.588
29-05-2024,35.25,0
16-06-2024,12.402,-6.558
27-11-2022,18.5553,-2.5047
05-09-2023,40.338,1.338
13-08-2024,39.87,8.73
22-10-2023,23.01,0.45
07-03-2022,27.864,2.784
05-08-2024,15.54,4.5
04-11-2024,11.4,2.82
10-05-2024,74.592,4.932
31-12-2023,46.53,1.8
30-09-2024,14.01,5.58
10-04-2023,24.5496,-18.5304
27-08-2023,7.5198,2.2998
28-12-2022,23.3064,-4.2936
06-07-2021,19.38,9.66
04-01-2021,27.36,13.68
08-11-2022,25.488,1.368
30-10-2024,29.0175,-9.9825
30-06-2022,12.663,2.373
27-09-2023,25.353,0.543
23-05-2022,13.6422,-4.8978
07-10-2023,22.68,3.12
25-03-2023,138.402,-100.728
06-04-2022,23.652,-12.648
25-04-2022,31.995,13.095
15-04-2024,35.2335,1.1835
07-07-2024,30.8385,-23.6115
25-09-2024,23.652,8.622
02-01-2022,26.67,11.46
27-12-2023,17.16,2.04
23-05-2022,46.8,8.88
17-09-2023,25.11,0.99
05-08-2024,20.6064,-5.8536
31-08-2023,51.8976,-40.1724
14-05-2022,63.45,24.6
02-11-2022,43.38,12.12
23-02-2021,44.73,0
08-05-2024,23.76,5.76
21-11-2024,27.18,4.86
15-10-2022,23.31,4.86
01-11-2023,29.28,-8.22
30-12-2023,40.338,12.978
03-03-2023,25.5474,6.7374
30-10-2023,21.6,7.98
09-05-2022,20.574,8.454
22-06-2023,12.3,5.04
25-02-2022,21.48,8.76
01-12-2024,14.2146,0.7746
12-07-2022,36.234,0.354
15-02-2023,13.8,1.77
22-10-2022,22.5,10.98
14-03-2023,27.825,-2.175
07-10-2021,17.46,0.51
20-07-2021,23.775,-21.525
26-06-2022,9.3375,3.5775
19-06-2024,20.67,-8.97
23-11-2022,18.09,0.54
02-05-2021,22.908,-1.152
24-06-2022,21.42,8.73
25-07-2023,16.68,-13.68
21-07-2024,14.787,-0.333
25-10-2024,50.1,16.98
04-04-2024,36.936,-19.704
16-05-2024,45.45,14.04
19-08-2024,18.954,-1.746
10-08-2022,15.984,-0.816
06-09-2024,27.3,-9.3
04-07-2024,47.1357,15.8157
11-01-2022,16.326,-3.564
27-02-2024,15.48,0.24
13-04-2021,28.032,3.432
21-10-2021,19.44,3.24
01-08-2024,12.6246,-11.1954
26-08-2024,26.34,-1.62
03-11-2024,49.2,3.9
21-06-2023,13.6422,-4.8978
13-06-2021,32.4,1.89
09-02-2022,26.4,4.44
04-07-2022,30.564,3.324
16-11-2022,41.256,-26.904
25-06-2022,8.8395,0.8295
20-05-2023,125.6841,-17.2359
23-02-2023,28.17,3.36
13-10-2024,17.4,1.38
20-01-2024,17.496,7.506
05-11-2023,15.12,3.69
25-06-2022,87.3372,14.3172
20-05-2023,30.564,1.644
17-08-2022,21.6,1.26
18-06-2022,21.816,0.696
20-03-2022,78.12,37.44
18-12-2022,23.058,5.838
21-11-2022,24.69,3.45
17-12-2024,83.913,18.153
26-12-2022,100.65,10.05
14-09-2021,24.7506,9.8406
06-06-2022,12.1476,-2.0724
28-11-2021,21.648,-14.592
20-11-2022,12.9903,-10.7997
27-09-2021,240,2.4
02-09-2021,20.52,6.75
18-03-2021,17.4,1.38
30-04-2024,17.739,-0.411
29-11-2021,22.815,2.535
27-06-2021,12.78,-3.42
12-01-2024,40.86,-15.72
24-10-2022,22.7052,-4.2948
27-11-2024,11.607,-3.993
23-11-2022,47.25,14.13
28-08-2023,13.4832,-9.6768
30-11-2024,27.42,3.54
21-04-2021,33.048,2.898
23-01-2024,20.58,8.22
28-11-2021,20.427,-8.553
16-12-2021,23.745,-19.005
09-01-2023,11.6325,-9.5175
27-09-2021,16.305,-8.805
06-08-2024,13.932,1.392
19-06-2022,17.19,-2.07
22-09-2024,43.02,7.17
22-08-2023,21.546,4.266
17-06-2024,19.08,-16.2
03-09-2023,21.648,-12.672
21-08-2023,21.546,4.266
09-08-2024,8.0136,-6.3864
01-05-2023,32.13,9.63
20-11-2022,16.1544,-6.1056
23-05-2023,35.28,-10.71
30-01-2023,23.22,6.9
07-11-2023,23.61,0.45
07-07-2024,41.1345,1.4445
07-08-2023,20.5425,-0.0075
25-12-2021,33.876,4.476
03-11-2024,27.24,9.24
22-01-2023,15.66,3.42
31-05-2022,30.375,6.075
10-10-2023,26.5185,2.4885
13-02-2024,15.0147,-2.5353
14-06-2024,10.2795,-7.8705
16-09-2021,21.72,10.86
07-05-2024,12.42,0.66
05-08-2024,21.7035,-5.7465
25-11-2023,22.74,4.32
08-08-2022,15.75,3.45
03-06-2024,50.1,16.98
13-02-2024,12.8733,-2.0367
20-08-2024,22.0374,1.2474
19-05-2021,10.206,0.336
22-11-2024,18.72,9.12
07-02-2023,46.32,16.2
27-06-2023,27.18,4.86
17-06-2023,18.6507,-1.4193
14-08-2024,23.22,6.9
09-11-2022,11.5911,-4.6089
23-01-2022,30.3,10.56
16-08-2024,22.5225,2.0025
30-08-2023,22.437,2.457
23-10-2022,10.044,-4.896
21-12-2021,23.6274,-1.8126
20-01-2021,138.753,27.693
20-10-2024,15.6933,-13.6467
24-10-2022,33.372,-17.388
12-08-2024,16.1415,6.2415
26-09-2022,24.948,-18.252
02-09-2021,14.6916,0.8316
25-05-2023,14.5008,0.8208
17-10-2021,18.513,0.603
24-09-2024,26.676,2.196
01-11-2023,43.578,18.378
24-01-2021,11.8773,4.2273
07-08-2023,23.532,-1.788
03-01-2022,15.255,-0.345
26-09-2024,20.142,3.522
21-07-2024,14.0934,0.4734
09-05-2023,13.8444,0.8844
28-11-2024,16.0605,5.8605
13-05-2023,34.92,1.02
26-04-2023,11.484,-0.486
23-05-2022,18.444,-1.506
30-03-2021,22.05,7.92
25-02-2024,84.18,37.86
08-05-2024,144.045,-51.975
23-03-2021,275.3442,19.8342
25-11-2021,160.644,-93.516
24-05-2023,20.628,1.368
25-12-2024,37.86,5.64
07-06-2023,29.6535,-11.8965
03-08-2024,44.352,-0.048
04-06-2022,13.959,-0.951
26-11-2023,15.2322,-5.2278
12-06-2024,11.988,1.008
06-10-2021,8.34,1.86
17-12-2023,15.378,1.398
30-10-2024,24.084,8.784
29-11-2022,33.231,-19.569
02-08-2022,30.6711,-18.5589
23-09-2021,12.96,0.81
28-11-2021,34.287,-26.193
14-05-2023,11.13,0.75
16-09-2024,11.4,2.82
21-11-2022,9.9216,0.3216
22-08-2021,12.3,5.04
05-08-2024,41.7216,1.5216
05-05-2024,22.38,5.76
27-06-2024,13.8807,-5.2593
05-09-2024,21.708,6.228
13-06-2022,15.066,-1.014
27-08-2022,12.456,-6.684
16-06-2024,6.39,-6.39
06-10-2024,40.05,18.81
13-07-2023,13.38,5.88
21-08-2023,23.64,0.84
18-04-2024,28.2366,5.4366
13-12-2023,33.15,2.85
16-11-2021,21.3696,-5.7204
10-08-2022,23.616,-10.704
23-05-2023,51.6,18
02-08-2022,11.55,3.57
03-01-2024,78.246,-0.054
19-06-2022,20.07,3.78
24-04-2024,10.761,4.161
11-09-2023,19.764,1.284
02-10-2023,8.73,3.03
21-09-2021,24.2526,1.7526
07-11-2021,22.3713,-13.9587
24-10-2024,31.482,-1.818
22-03-2022,17.28,3.6
05-05-2023,30.51,8.43
28-03-2022,83.2158,29.0358
31-10-2024,10.3455,0.3555
16-06-2024,30.699,13.599
11-09-2023,13.59,5.76
12-04-2023,26.946,-14.454
12-11-2021,7.2,-3.6
16-06-2022,15.48,7.32
16-01-2023,23.355,-6.615
01-06-2023,24.93,-8.37
17-04-2024,17.46,6.06
29-07-2023,26.712,-12.708
01-03-2021,12.636,-1.164
05-05-2024,13.41,3.6
07-05-2024,17.946,-2.694
22-09-2024,20.46,1.02
26-08-2021,6.0261,0.3261
08-08-2024,22.0374,-12.5226
07-01-2023,45.117,-3.033
10-01-2021,12.4974,-5.6826
06-02-2022,16.236,1.056
26-09-2021,12.78,-3.42
17-06-2021,19.2,6.48
01-03-2021,21.546,4.266
19-04-2021,15.444,0.324
24-05-2023,32.472,-7.608
18-04-2024,17.0316,5.9316
14-11-2022,21.54,6
28-11-2024,37.08,17.73
16-01-2023,324.06,71.28
08-11-2023,130.62,10.29
02-01-2024,36.45,4.71
04-11-2024,10.116,-1.374
16-06-2024,11.6034,-0.7566
03-11-2024,10.5078,3.9078
16-11-2024,40.068,-1.452
22-10-2023,12.69,4.92
13-01-2022,4.41,-0.3
01-05-2022,13.284,-8.676
28-11-2021,16.02,5.58
16-09-2024,21.69,-9.57
22-10-2024,19.77,-9.93
22-08-2023,22.29,9.57
31-05-2024,14.4,4.86
01-12-2022,7.26,-2.49
30-09-2023,8.3316,-3.7884
22-11-2023,14.94,-2.7
24-05-2023,18.414,-1.026
02-11-2022,162.69,-62.19
12-04-2023,6.318,-2.442
29-12-2024,21.8784,-8.6916
13-10-2021,27.918,-1.902
12-07-2022,16.29,-5.22
29-10-2023,30.078,7.638
10-04-2023,13.5468,-3.1032
23-05-2023,11.43,2.73
22-12-2024,11.85,5.55
07-09-2024,11.82,0.09
13-06-2023,10.2588,3.8088
01-10-2024,11.52,3.78
18-06-2024,16.686,-0.954
23-05-2022,14.4171,0.1071
17-12-2023,78.264,-22.176
11-11-2024,18.81,-1.26
22-12-2021,12.615,-11.865
01-11-2023,11.58,2.04
10-08-2022,21.5922,-13.4478
14-05-2023,33.12,4.62
24-06-2023,24.192,9.312
14-06-2023,9.27,-4.65
28-11-2023,10.74,0.21
07-05-2024,32.382,-7.038
14-11-2021,11.1936,-5.7264
18-01-2022,14.256,0.216
05-12-2024,39.33,7.83
15-10-2023,246.9,101.22
22-10-2024,12.225,-3.675
05-10-2022,29.37,-0.03
27-12-2024,10.95,-2.01
03-12-2024,9.84,1.26
24-05-2023,15.714,-1.386
02-12-2021,13.14,1.26
06-08-2024,30.15,13.5
07-03-2023,13.11,2.61
13-10-2024,8.16,1.95
09-12-2022,10.71,-8.19
03-06-2024,5.325,-2.685
22-07-2023,34.2,0.27
01-06-2022,9.99,3.66
27-10-2024,7.6479,-1.3221
18-01-2023,32.67,2.82
09-12-2021,15.873,-8.667
10-12-2022,11.61,5.49
11-06-2022,12.1953,-10.3647
12-02-2024,9.585,1.575
12-06-2023,13.47,0.93
07-03-2022,26.532,-17.688
05-12-2023,10.152,0.972
05-04-2021,14.7393,-11.7207
02-11-2021,22.23,9.99
04-10-2022,12.735,-11.745
26-11-2023,15.6456,-9.7944
09-06-2023,10.989,3.039
21-03-2024,29.7648,-2.8752
06-06-2023,23.436,9.876
17-08-2022,13.8,1.77
22-10-2022,79.5,15.9
17-12-2023,12.474,-5.226
15-11-2022,22.8,-22.44
12-11-2024,9.27,0.81
09-08-2023,10.368,-3.312
29-07-2023,20.3184,0.2184
12-11-2024,21.12,4.2
11-05-2023,10.233,4.533
10-06-2023,17.5725,-6.7275
10-12-2023,25.872,-3.768
30-10-2024,11.664,1.404
15-02-2022,43.65,5.22
30-06-2024,7.884,0.504
18-08-2024,30.855,1.005
30-05-2021,11.4,2.82
27-04-2022,18.009,7.599
03-01-2021,6.006,0.546
19-09-2023,13.23,-4.77
09-08-2023,17.28,0.48
03-06-2023,6.45,0.69
11-03-2023,10.26,1.68
02-12-2024,14.04,0.24
28-11-2024,11.6283,-1.8417
25-01-2024,9.03,3.33
26-10-2022,9.06,3.84
01-06-2022,12.69,4.92
28-11-2021,23.529,-7.731
28-11-2024,14.0397,-9.3003
10-01-2024,22.1487,-1.2813
19-09-2023,12.9,-3.42
06-11-2022,10.6848,-8.5152
15-10-2022,9.3,2.46
27-08-2022,9.765,-4.515
16-01-2024,22.0692,-3.3708
23-12-2024,27.225,-15.345
02-09-2021,11.1552,3.7152
01-12-2022,21.2742,-1.6758
22-02-2022,11.718,1.158
27-10-2021,10.8,2.7
06-08-2021,12.24,-1.17
27-10-2022,17.0766,-2.0034
26-11-2023,13.3464,3.0264
09-12-2023,21.6081,-11.8719
24-06-2023,9.774,4.344
27-04-2022,6.63,0.57
12-03-2024,10.26,2.76
11-08-2021,8.94,2.58
30-09-2023,7.3935,-1.8165
17-12-2024,13.2129,-6.7671
28-11-2024,13.3878,-11.8722
03-05-2021,15.39,2.52
22-08-2024,42.579,3.969
11-01-2024,7.3755,0.6555
01-01-2023,22.23,5.76
23-10-2023,32.4,15.75
25-05-2023,9.0312,-2.0688
17-02-2024,25.0665,8.2365
22-06-2022,11.8296,-7.8504
15-11-2023,10.296,0.696
13-02-2024,9.4122,0.5622
25-10-2023,10.8,0
01-07-2023,17.1,4.23
25-10-2022,8.154,2.934
30-12-2024,18.396,-1.284
14-06-2023,3.975,-2.565
03-12-2024,63.1215,2.2815
02-08-2024,9.78,3.42
24-11-2021,25.149,5.409
02-12-2023,7.092,-4.308
14-06-2021,8.481,-3.249
08-01-2023,9.072,-0.528
06-08-2022,9.54,-8.1
24-10-2024,57.2082,-24.9018
13-06-2022,13.08,3.66
03-05-2021,15.39,2.52
17-10-2021,20.88,-7.98
10-06-2023,8.4588,-4.4712
19-08-2023,21.6,7.44
02-08-2023,4.5156,-1.0344
26-04-2023,23.76,5.76
13-12-2024,27.36,8.7
17-06-2024,13.7532,3.1932
04-12-2024,7.524,-4.116
21-03-2021,20.466,8.826
22-12-2024,19.35,7.11
26-08-2024,22.545,-1.395
18-11-2023,5.6127,-2.7573
20-10-2021,8.154,-3.006
24-06-2023,6.48,2.37
19-12-2023,14.832,0.732
19-11-2024,11.0556,2.6556
29-05-2023,9.51,-8.61
20-12-2024,4.41,-2.36
01-05-2022,5.8194,-3.4206
18-12-2023,6.795,-1.035
17-06-2023,9.222,-6.798
15-10-2024,7.8,3.27
24-05-2023,8.154,0.324
15-09-2024,63.24,0.6
14-06-2024,14.388,-4.452
29-01-2024,16.2,-8.1
18-11-2024,155.25,24.84
05-05-2024,12.474,5.544
11-10-2023,6.642,-4.338
20-06-2023,16.7805,-4.0095
12-11-2024,13.5,3.78
03-06-2021,8.208,3.648
08-12-2024,33.12,2.16
13-01-2024,11.319,-4.161
05-09-2021,6.9,1.02
12-06-2023,5.5173,-3.6627
23-05-2021,6.588,1.308
21-11-2024,5.355,-4.095
06-12-2021,9.33,2.04
08-06-2022,6.09,-4.29
19-08-2023,13.965,-6.195
13-12-2021,7.632,-0.588
23-01-2024,8.82,2.64
21-06-2021,10.08,0.48
16-06-2024,2.955,-1.965
21-06-2021,21.6,5.4
13-03-2024,49.5,0
01-12-2024,53.9964,-13.3236
10-04-2022,16.5,2.64
17-02-2022,44.46,10.62
17-12-2022,6.264,2.274
02-09-2024,75.96,6.72
07-05-2024,43.56,-20.94
30-05-2022,51.354,9.654
14-11-2021,17.0766,-2.0034
25-10-2024,14.4,6.18
25-11-2021,20.4,-1.2
05-07-2023,7.632,-4.518
24-08-2023,6.9006,-5.2194
06-06-2024,16.9818,-2.4582
11-06-2022,6.5175,0.2175
22-05-2022,15.768,4.548
18-06-2024,23.598,2.598
13-10-2024,7.74,3.66
30-05-2024,9.54,4.44
21-06-2023,44.838,-5.202
29-09-2024,6.6555,0.5355
01-10-2022,8.64,0.24
08-03-2022,2.88,-0.3
10-09-2024,9.9351,1.2951
23-06-2024,10.5894,-3.2706
12-11-2024,6.615,1.905
07-10-2021,23.64,0.84
26-09-2024,8.16,1.95
06-06-2023,30.888,0.648
11-05-2022,27.66,6.6
25-03-2021,9.153,2.223
03-10-2023,7.092,-2.748
30-11-2022,58.9632,6.3732
17-07-2024,81.828,1.338
04-06-2023,4.8,0.75
28-11-2021,8.2335,-5.5665
14-05-2022,22.8,0.42
28-10-2021,34.98,11.16
16-05-2023,16.206,-2.034
29-06-2024,61.47,25.74
09-12-2023,12,1.2
27-01-2024,38.97,-28.08
14-08-2024,6.993,0.843
24-07-2024,5.319,0.399
06-08-2024,4.788,-0.972
10-06-2024,7.812,-2.748
13-11-2024,340.65,160.05
07-11-2023,21.7635,-13.0665
11-01-2021,4.9053,-0.0147
07-02-2023,36.3,6.45
06-02-2023,11.4,0.21
13-04-2021,8.7132,-5.5968
14-08-2024,61.128,16.248
30-11-2021,9.4869,3.4269
30-12-2021,8.31,0.57
31-08-2021,374.856,-1218.384
09-01-2021,9.6114,0.0714
02-09-2023,44.76,17.88
13-08-2022,7.7385,-3.8115
27-10-2022,5.724,-1.086
10-09-2022,5.8194,-3.8706
24-07-2024,40.464,4.704
25-06-2023,12.96,3.42
28-11-2021,50.5155,2.8455
09-05-2022,8.694,-4.356
22-09-2024,12.06,0.36
28-03-2023,21.72,3.42
17-06-2024,11.49,3.33
01-08-2022,9.072,-10.668
22-10-2024,9.54,4.44
03-11-2024,6.27,2.94
02-04-2022,14.931,-0.009
14-01-2023,38.9709,-32.3991
12-11-2024,6.9,-0.84
03-11-2021,17.28,-13.92
26-07-2023,30.618,1.008
19-08-2023,4.56,0
